,명칭,주소,위도,경도,분류
0,역삼1동833,서울특별시 강남구 역삼1동833,37.4933487196,127.032033186,보안등
1,역삼1동832-25,서울특별시 강남구 역삼1동832-25,37.49283351,127.03141329399999,보안등
2,역삼1동832-27,서울특별시 강남구 역삼1동832-27,37.4926316591,127.031508196,보안등
3,역삼1동832-28,서울특별시 강남구 역삼1동832-28,37.4924802706,127.03158050200001,보안등
4,역삼1동832-29,서울특별시 강남구 역삼1동832-29,37.4923433006,127.031643768,보안등
5,역삼1동832-31,서울특별시 강남구 역삼1동832-31,37.4920297367,127.03169339,보안등
6,역삼1동837-33,서울특별시 강남구 역삼1동837-33,37.4915755437,127.03200981399999,보안등
7,역삼1동837-15,서울특별시 강남구 역삼1동837-15,37.4918998658,127.03215921399999,보안등
8,역삼1동837-16,서울특별시 강남구 역삼1동837-16,37.4919574771,127.032353732,보안등
9,역삼1동836,서울특별시 강남구 역삼1동836,37.4919753184,127.03300054299999,보안등
10,역삼1동836-1,서울특별시 강남구 역삼1동836-1,37.4916221664,127.032846603,보안등
11,역삼1동836-2,서울특별시 강남구 역삼1동836-2,37.4916617717,127.032986836,보안등
12,역삼1동836-14,서울특별시 강남구 역삼1동836-14,37.4914851489,127.03307722,보안등
13,역삼1동836-15,서울특별시 강남구 역삼1동836-15,37.491441941,127.032932463,보안등
14,역삼1동836-25,서울특별시 강남구 역삼1동836-25,37.4909084751,127.033180995,보안등
15,역삼1동840-1,서울특별시 강남구 역삼1동840-1,37.491163732800004,127.03534765,보안등
16,역삼1동840-3,서울특별시 강남구 역삼1동840-3,37.4912501426,127.035637167,보안등
17,역삼1동840-5,서울특별시 강남구 역삼1동840-5,37.4913221492,127.035881446,보안등
18,역삼1동835-51,서울특별시 강남구 역삼1동835-51,37.4916536441,127.036130374,보안등
19,역삼1동799,서울특별시 강남구 역삼1동799,37.4915885846,127.036736435,보안등
20,역삼1동835-52,서울특별시 강남구 역삼1동835-52,37.4917148543,127.036320373,보안등
21,역삼1동793-52,서울특별시 강남구 역삼1동793-52,37.4919418398,127.036542115,보안등
22,역삼1동835-68,서울특별시 강남구 역삼1동835-68,37.4923096847,127.03577788700001,보안등
23,역삼1동793-33,서울특별시 강남구 역삼1동793-33,37.4921904631,127.036718637,보안등
24,역삼1동835-12,서울특별시 강남구 역삼1동835-12,37.4917836312,127.03532985,보안등
25,역삼1동834-23,서울특별시 강남구 역삼1동834-23,37.4928722342,127.034701644,보안등
26,역삼1동834-24,서울특별시 강남구 역삼1동834-24,37.4929695562,127.03465645799999,보안등
27,역삼1동834-68,서울특별시 강남구 역삼1동834-68,37.493052322,127.03508619700001,보안등
28,역삼1동834-72,서울특별시 강남구 역삼1동834-72,37.4933118549,127.03494157600001,보안등
29,역삼1동834-73,서울특별시 강남구 역삼1동834-73,37.4934560308,127.03489188799999,보안등
30,역삼1동834-52,서울특별시 강남구 역삼1동834-52,37.493852535100004,127.034684005,보안등
31,역삼1동834-75,서울특별시 강남구 역삼1동834-75,37.493574985,127.034819572,보안등
32,역삼1동834-54,서울특별시 강남구 역삼1동834-54,37.493989381300004,127.03504592600001,보안등
33,역삼1동793-24,서울특별시 강남구 역삼1동793-24,37.4924969299,127.036316229,보안등
34,역삼1동793-12,서울특별시 강남구 역삼1동793-12,37.4928573077,127.03639782,보안등
35,역삼1동 652-16,서울특별시 강남구 역삼1동 652-16,37.5073706664,127.036549634,보안등
36,역삼1동 658-7,서울특별시 강남구 역삼1동 658-7,37.5069959029,127.036373015,보안등
37,역삼1동 652-15,서울특별시 강남구 역삼1동 652-15,37.5075040598,127.03640493,보안등
38,역삼1동 651-15,서울특별시 강남구 역삼1동 651-15,37.5071870406,127.035965946,보안등
39,역삼1동 658-5,서울특별시 강남구 역삼1동 658-5,37.5070139827,127.036178492,보안등
40,역삼1동 651-16,서울특별시 강남구 역삼1동 651-16,37.5071294312,127.035784958,보안등
41,역삼1동 651-2,서울특별시 강남구 역삼1동 651-2,37.5073997955,127.03557698200001,보안등
42,역삼1동 658-1,서울특별시 강남구 역삼1동 658-1,37.5068807703,127.035730552,보안등
43,역삼1동748-18,서울특별시 강남구 역삼1동748-18,37.4956684085,127.036530361,보안등
44,역삼1동748-29,서울특별시 강남구 역삼1동748-29,37.4956178848,127.036747455,보안등
45,역삼1동745-19,서울특별시 강남구 역삼1동745-19,37.496547596199996,127.037155015,보안등
46,역삼1동746-16,서울특별시 강남구 역삼1동746-16,37.4967565038,127.037553176,보안등
47,역삼1동746-7,서울특별시 강남구 역삼1동746-7,37.4970483404,127.03783377399999,보안등
48,역삼1동746-9,서울특별시 강남구 역삼1동746-9,37.497159956,127.038173086,보안등
49,역삼1동746-29,서울특별시 강남구 역삼1동746-29,37.4972105389,127.037779575,보안등
50,역삼1동745-6,서울특별시 강남구 역삼1동745-6,37.4972899627,127.03735441299999,보안등
51,역삼1동738-32,서울특별시 강남구 역삼1동738-32,37.4978304095,127.037847739,보안등
52,역삼1동745-3,서울특별시 강남구 역삼1동745-3,37.4975673908,127.03761238700001,보안등
53,역삼1동738-4,서울특별시 강남구 역삼1동738-4,37.4987533319,127.03692540899999,보안등
54,역삼1동738-42,서울특별시 강남구 역삼1동738-42,37.497697351199996,127.036929412,보안등
55,역삼1동745-8,서울특별시 강남구 역삼1동745-8,37.497369375,127.036960915,보안등
56,역삼1동744-10,서울특별시 강남구 역삼1동744-10,37.4968902194,127.03638168399999,보안등
57,역삼1동745-20,서울특별시 강남구 역삼1동745-20,37.496652229,127.036784149,보안등
58,역삼1동744-9,서울특별시 강남구 역삼1동744-9,37.4967496804,127.036322811,보안등
59,역삼1동748,서울특별시 강남구 역삼1동748,37.4962847291,127.036426623,보안등
60,역삼1동748-1,서울특별시 강남구 역삼1동748-1,37.496241427600005,127.03659849,보안등
61,역삼1동748-23,서울특별시 강남구 역삼1동748-23,37.4961116321,127.036761267,보안등
62,역삼1동748-4,서울특별시 강남구 역삼1동748-4,37.496003660999996,127.036277217,보안등
63,역삼1동 624-10,서울특별시 강남구 역삼1동 624-10,37.5041322368,127.031006359,보안등
64,역삼1동 624-38,서울특별시 강남구 역삼1동 624-38,37.5037935731,127.030567409,보안등
65,역삼1동 624-45,서울특별시 강남구 역삼1동 624-45,37.5037825775,127.031268595,보안등
66,역삼1동 624-15,서울특별시 강남구 역삼1동 624-15,37.5038437762,127.03153100200001,보안등
67,역삼1동 624-12,서울특별시 강남구 역삼1동 624-12,37.5043663774,127.03146336399999,보안등
68,역삼1동 612-8,서울특별시 강남구 역삼1동 612-8,37.5045068652,127.031721283,보안등
69,역삼1동 612-7,서울특별시 강남구 역삼1동 612-7,37.5046906301,127.031870649,보안등
70,역삼1동 610-7,서울특별시 강남구 역삼1동 610-7,37.5050689702,127.03217391,보안등
71,역삼1동 612-6,서울특별시 강남구 역삼1동 612-6,37.5047915926,127.03168521299999,보안등
72,역삼1동 612-5,서울특별시 강남구 역삼1동 612-5,37.5049285817,127.031549554,보안등
73,역삼1동 613-24,서울특별시 강남구 역삼1동 613-24,37.5051917988,127.031083703,보안등
74,역삼1동 611,서울특별시 강남구 역삼1동 611,37.5054476389,127.031255718,보안등
75,역삼1동 605,서울특별시 강남구 역삼1동 605,37.5064025582,127.03180351700001,보안등
76,역삼1동 610,서울특별시 강남구 역삼1동 610,37.5055879504,127.032169609,보안등
77,역삼1동 611-3,서울특별시 강남구 역삼1동 611-3,37.5054727635,127.031644785,보안등
78,역삼1동 652-13,서울특별시 강남구 역삼1동 652-13,37.5075039773,127.036671848,보안등
79,역삼1동 635-13,서울특별시 강남구 역삼1동 635-13,37.499879887,127.029453013,보안등
80,역삼1동 635-11,서울특별시 강남구 역삼1동 635-11,37.4999772964,127.02904592899999,보안등
81,역삼1동 819-4,서울특별시 강남구 역삼1동 819-4,37.4995267409,127.02925836200001,보안등
82,역삼1동 649-2,서울특별시 강남구 역삼1동 649-2,37.4997536061,127.03000936299999,보안등
83,역삼1동 649-4,서울특별시 강남구 역삼1동 649-4,37.4998796428,127.030416535,보안등
84,역삼1동 635-1,서울특별시 강남구 역삼1동 635-1,37.5009609621,127.029978181,보안등
85,역삼1동 635-12,서울특별시 강남구 역삼1동 635-12,37.500042070300005,127.02944403,보안등
86,역삼1동 635-9,서울특별시 강남구 역삼1동 635-9,37.5002511285,127.02934459299999,보안등
87,역삼1동 635-6,서울특별시 강남구 역삼1동 635-6,37.5006656494,127.029109527,보안등
88,역삼1동 622-10,서울특별시 강남구 역삼1동 622-10,37.502910881700004,127.029408966,보안등
89,역삼1동 622-4,서울특별시 강남구 역삼1동 622-4,37.5030730357,127.02951760100001,보안등
90,역삼1동 634,서울특별시 강남구 역삼1동 634,37.5031414154,127.02990214799999,보안등
91,역삼1동 623-15,서울특별시 강남구 역삼1동 623-15,37.503426160500005,127.02979369100001,보안등
92,역삼1동 623-14,서울특별시 강남구 역삼1동 623-14,37.5035234474,127.029879682,보안등
93,역삼1동 623-17,서울특별시 강남구 역삼1동 623-17,37.5032278417,127.03017813299999,보안등
94,역삼1동 623-19,서울특별시 강남구 역삼1동 623-19,37.503061973099996,127.030503778,보안등
95,역삼1동 634-4,서울특별시 강남구 역삼1동 634-4,37.5028566378,127.03013727,보안등
96,역삼1동 633-9,서울특별시 강남구 역삼1동 633-9,37.5024492459,127.030670907,보안등
97,역삼1동 681-39,서울특별시 강남구 역삼1동 681-39,37.5089582502,127.04193411700001,보안등
98,역삼1동 681-30,서울특별시 강남구 역삼1동 681-30,37.5088394582,127.04153592799999,보안등
99,역삼1동 681-37,서울특별시 강남구 역삼1동 681-37,37.5090196033,127.041694373,보안등
100,역삼1동 681-22,서울특별시 강남구 역삼1동 681-22,37.508753068000004,127.041232765,보안등
101,역삼1동 681-29,서울특별시 강남구 역삼1동 681-29,37.5088034625,127.041409233,보안등
102,역삼1동 681-23,서울특별시 강남구 역삼1동 681-23,37.5088684139,127.04118306299999,보안등
103,역삼1동 681-21,서울특별시 강남구 역삼1동 681-21,37.5087134679,127.04110606799999,보안등
104,역삼1동 687-4,서울특별시 강남구 역삼1동 687-4,37.5081189879,127.040576425,보안등
105,역삼1동 687-11,서울특별시 강남구 역삼1동 687-11,37.5084936023,127.041164761,보안등
106,역삼1동 686-12,서울특별시 강남구 역삼1동 686-12,37.5077438842,127.0413996,보안등
107,역삼1동 687-9,서울특별시 강남구 역삼1동 687-9,37.5080719652,127.041069524,보안등
108,역삼1동 687-3,서울특별시 강남구 역삼1동 687-3,37.5079531657,127.04068491299999,보안등
109,역삼1동 686-4,서울특별시 강남구 역삼1동 686-4,37.507578274299995,127.04089734,보안등
110,역삼1동 686,서울특별시 강남구 역삼1동 686,37.5076865041,127.040580715,보안등
111,역삼1동 687-12,서울특별시 강남구 역삼1동 687-12,37.5083350003,127.041237059,보안등
112,역삼1동 684,서울특별시 강남구 역삼1동 684,37.5086592015,127.041694172,보안등
113,역삼1동 684-4,서울특별시 강남구 역삼1동 684-4,37.5082915228,127.041888503,보안등
114,역삼1동 687-14,서울특별시 강남구 역삼1동 687-14,37.5081835587,127.041445083,보안등
115,역삼1동799-18,서울특별시 강남구 역삼1동799-18,37.4922582329,127.03892595200001,보안등
116,역삼1동799-16,서울특별시 강남구 역삼1동799-16,37.4921178269,127.03846452200001,보안등
117,역삼1동794-30,서울특별시 강남구 역삼1동794-30,37.492305377,127.038030399,보안등
118,역삼1동794-27,서울특별시 강남구 역삼1동794-27,37.4923667398,127.03773642700001,보안등
119,역삼1동794-24,서울특별시 강남구 역삼1동794-24,37.4925685465,127.03779532899999,보안등
120,역삼1동794-29,서울특별시 강남구 역삼1동794-29,37.4921937073,127.037858464,보안등
121,역삼1동799-13,서울특별시 강남구 역삼1동799-13,37.4918910268,127.037677387,보안등
122,역삼1동799-10,서울특별시 강남구 역삼1동799-10,37.491656798,127.037573239,보안등
123,역삼1동799-5,서울특별시 강남구 역삼1동799-5,37.4918190037,127.03749642700001,보안등
124,역삼1동 623-22,서울특별시 강남구 역삼1동 623-22,37.5034404894,127.030137505,보안등
125,역삼1동 623-12,서울특별시 강남구 역삼1동 623-12,37.503710821,127.030019994,보안등
126,역삼1동 624-18,서울특별시 강남구 역삼1동 624-18,37.5039197582,127.030395555,보안등
127,역삼1동 613-5,서울특별시 강남구 역삼1동 613-5,37.5042044899,127.030341385,보안등
128,역삼1동 613-8,서울특별시 강남구 역삼1동 613-8,37.5043774585,127.030436455,보안등
129,역삼1동 613-14,서울특별시 강남구 역삼1동 613-14,37.504665716999995,127.03068086100001,보안등
130,역삼1동 613-10,서울특별시 강남구 역삼1동 613-10,37.5045973189,127.030377734,보안등
131,역삼1동 613-20,서울특별시 강남구 역삼1동 613-20,37.5049503698,127.030929791,보안등
132,역삼1동798-14,서울특별시 강남구 역삼1동798-14,37.492629071399996,127.040052406,보안등
133,역삼1동798-32,서울특별시 강남구 역삼1동798-32,37.4923912942,127.039789938,보안등
134,역삼1동798-25,서울특별시 강남구 역삼1동798-25,37.4928094767,127.03944640000002,보안등
135,역삼1동798-29,서울특별시 강남구 역삼1동798-29,37.4924887529,127.03934220000001,보안등
136,역삼1동795-41,서울특별시 강남구 역삼1동795-41,37.4927557517,127.038428664,보안등
137,역삼1동 686-1,서울특별시 강남구 역삼1동 686-1,37.5075927763,127.040648525,보안등
138,역삼1동 653-4,서울특별시 강남구 역삼1동 653-4,37.5078819015,127.03824188200001,보안등
139,역삼1동 652-10,서울특별시 강남구 역삼1동 652-10,37.5076155904,127.03702930200001,보안등
140,역삼1동794-28,서울특별시 강남구 역삼1동794-28,37.4921938127,127.037528276,보안등
141,역삼1동794-32,서울특별시 강남구 역삼1동794-32,37.4923666658,127.03796710600001,보안등
142,역삼1동799-2,서울특별시 강남구 역삼1동799-2,37.4917073974,127.037120955,보안등
143,역삼1동794-2,서울특별시 강남구 역삼1동794-2,37.4933904829,127.03710821899999,보안등
144,역삼1동747-6,서울특별시 강남구 역삼1동747-6,37.4959167081,127.03773368899999,보안등
145,역삼1동747-8,서울특별시 강남구 역삼1동747-8,37.496078892199996,127.037724724,보안등
146,역삼1동747-14,서울특별시 강남구 역삼1동747-14,37.4964138935,127.038263174,보안등
147,역삼1동747-10,서울특별시 강남구 역삼1동747-10,37.4962410719,127.037729329,보안등
148,역삼1동749-9,서울특별시 강남구 역삼1동749-9,37.495747988299996,127.03557597700001,보안등
149,역삼1동747,서울특별시 강남구 역삼1동747,37.496093429,127.03734477,보안등
150,역삼1동747-1,서울특별시 강남구 역삼1동747-1,37.495855566100005,127.037335605,보안등
151,역삼1동748-20,서울특별시 강남구 역삼1동748-20,37.4959927274,127.03667074200001,보안등
152,역삼1동 633-26,서울특별시 강남구 역삼1동 633-26,37.5021356488,127.03085172700001,보안등
153,역삼1동 633-24,서울특별시 강남구 역삼1동 633-24,37.5023806892,127.030978492,보안등
154,역삼1동 633-22,서울특별시 강남구 역삼1동 633-22,37.5025932837,127.031141435,보안등
155,역삼1동 633-21,서울특별시 강남구 역삼1동 633-21,37.5025212651,127.030906171,보안등
156,역삼1동 633-4,서울특별시 강남구 역삼1동 633-4,37.502636628000005,127.03077503,보안등
157,역삼1동 633-5,서울특별시 강남구 역삼1동 633-5,37.5028960917,127.03087465899999,보안등
158,역삼1동 624-24,서울특별시 강남구 역삼1동 624-24,37.5032817173,127.03089291299999,보안등
159,역삼1동 623-21,서울특별시 강남구 역삼1동 623-21,37.5031772748,127.030607872,보안등
160,역삼1동 624-23,서울특별시 강남구 역삼1동 624-23,37.5034402729,127.030974406,보안등
161,역삼1동 623-25,서울특별시 강남구 역삼1동 623-25,37.503346743200005,127.03030032299999,보안등
162,역삼1동 624-39,서울특별시 강남구 역삼1동 624-39,37.5035953951,127.030399948,보안등
163,역삼1동 613-17,서울특별시 강남구 역삼1동 613-17,37.5047918283,127.03079401,보안등
164,역삼1동 613-19,서울특별시 강남구 역삼1동 613-19,37.505040514,127.030762445,보안등
165,역삼1동 624,서울특별시 강남구 역삼1동 624,37.5046656093,127.03109253299999,보안등
166,역삼1동 612-9,서울특별시 강남구 역삼1동 612-9,37.5046294492,127.031544904,보안등
167,역삼1동 685-1,서울특별시 강남구 역삼1동 685-1,37.5079094325,127.042069252,보안등
168,역삼1동 685-2,서울특별시 강남구 역삼1동 685-2,37.5077832709,127.042127994,보안등
169,역삼1동 684-5,서울특별시 강남구 역삼1동 684-5,37.5083311188,127.04202424799999,보안등
170,역삼1동 684-6,서울특별시 강남구 역삼1동 684-6,37.5084247782,127.042150975,보안등
171,역삼1동 684-12,서울특별시 강남구 역삼1동 684-12,37.5084030764,127.042368119,보안등
172,역삼1동 684-14,서울특별시 강남구 역삼1동 684-14,37.5086625169,127.042503989,보안등
173,역삼1동 684-9,서울특별시 강남구 역삼1동 684-9,37.5087166746,127.04223257299999,보안등
174,역삼1동 681-41,서울특별시 강남구 역삼1동 681-41,37.5091781177,127.04187090200001,보안등
175,역삼1동 684-27,서울특별시 강남구 역삼1동 684-27,37.5088785861,127.042979144,보안등
176,역삼1동 683-39,서울특별시 강남구 역삼1동 683-39,37.5089432062,127.04366684799999,보안등
177,역삼1동 683-1,서울특별시 강남구 역삼1동 683-1,37.5090080233,127.04381618200001,보안등
178,역삼1동 682-12,서울특별시 강남구 역삼1동 682-12,37.5095163268,127.043445498,보안등
179,역삼1동 682-14,서울특별시 강남구 역삼1동 682-14,37.5093324853,127.043544923,보안등
180,역삼1동 682-4,서울특별시 강남구 역삼1동 682-4,37.5092317189,127.04314674,보안등
181,역삼1동 682-9,서울특별시 강남구 역삼1동 682-9,37.5096029046,127.043223865,보안등
182,역삼1동 682,서울특별시 강남구 역삼1동 682,37.5096535648,127.04266289700001,보안등
183,역삼1동 686-3,서울특별시 강남구 역삼1동 686-3,37.5073584197,127.04092436399999,보안등
184,역삼1동748-7,서울특별시 강남구 역삼1동748-7,37.495690121799996,127.03624087799999,보안등
185,역삼1동749-15,서울특별시 강남구 역삼1동749-15,37.495683041999996,127.035820206,보안등
186,역삼1동749-6,서울특별시 강남구 역삼1동749-6,37.496007493200004,127.03552634299999,보안등
187,역삼1동749-21,서울특별시 강남구 역삼1동749-21,37.4962236597,127.03577523,보안등
188,역삼1동748-10,서울특별시 강남구 역삼1동748-10,37.4954306928,127.03604172700001,보안등
189,역삼1동748-14,서울특별시 강남구 역삼1동748-14,37.4950991444,127.035969195,보안등
190,역삼1동 624-41,서울특별시 강남구 역삼1동 624-41,37.5045791331,127.031015591,보안등
191,역삼1동 624-9,서울특별시 강남구 역삼1동 624-9,37.5043087946,127.031155719,보안등
192,역삼1동 690-27,서울특별시 강남구 역삼1동 690-27,37.5072283228,127.041928626,보안등
193,역삼1동 690-35,서울특별시 강남구 역삼1동 690-35,37.5068929925,127.042367266,보안등
194,역삼1동 690-17,서울특별시 강남구 역삼1동 690-17,37.506723813,127.04177905200001,보안등
195,역삼1동 690-24,서울특별시 강남구 역삼1동 690-24,37.506921978,127.04193750200001,보안등
196,역삼1동 690-20,서울특별시 강남구 역삼1동 690-20,37.507073524,127.041435422,보안등
197,역삼1동 686-20,서울특별시 강남구 역삼1동 686-20,37.5073979364,127.041290832,보안등
198,역삼1동 689-34,서울특별시 강남구 역삼1동 689-34,37.5070304884,127.040824657,보안등
199,역삼1동 670-1,서울특별시 강남구 역삼1동 670-1,37.5039069037,127.03750247200001,보안등
200,역삼1동 670-3,서울특별시 강남구 역삼1동 670-3,37.503708726999996,127.037362135,보안등
201,역삼1동 689-26,서울특별시 강남구 역삼1동 689-26,37.5061363962,127.041670149,보안등
202,역삼1동 690-15,서울특별시 강남구 역삼1동 690-15,37.506449808,127.042059385,보안등
203,역삼1동 817-5,서울특별시 강남구 역삼1동 817-5,37.5004497622,127.027634745,보안등
204,역삼1동 817-20,서울특별시 강남구 역삼1동 817-20,37.5003378778,127.028308721,보안등
205,역삼1동 817-23,서울특별시 강남구 역삼1동 817-23,37.500373882199995,127.028458014,보안등
206,역삼1동 817-27,서울특별시 강남구 역삼1동 817-27,37.500701783800004,127.02872503200001,보안등
207,역삼1동 817-38,서울특별시 강남구 역삼1동 817-38,37.5008747901,127.028670815,보안등
208,역삼1동 620-9,서울특별시 강남구 역삼1동 620-9,37.5009830821,127.027956121,보안등
209,역삼1동 817-26,서울특별시 강남구 역삼1동 817-26,37.5004747171,127.028779229,보안등
210,역삼1동 817-22,서울특별시 강남구 역삼1동 817-22,37.5001792398,127.02856198299999,보안등
211,역삼1동791,서울특별시 강남구 역삼1동791,37.494547138899996,127.03785512799999,보안등
212,역삼1동790-20,서울특별시 강남구 역삼1동790-20,37.4947057783,127.03766070799999,보안등
213,역삼1동789-14,서울특별시 강남구 역삼1동789-14,37.4948176692,127.037136065,보안등
214,역삼1동791-2,서울특별시 강남구 역삼1동791-2,37.4946551447,127.038212521,보안등
215,역삼1동791-8,서울특별시 강남구 역삼1동791-8,37.494564978,127.038416021,보안등
216,역삼1동791-5,서울특별시 강남구 역삼1동791-5,37.4947919505,127.038664917,보안등
217,역삼1동791-6,서울특별시 강남구 역삼1동791-6,37.4946657888,127.03872817799999,보안등
218,역삼1동791-10,서울특별시 강남구 역삼1동791-10,37.494471371399996,127.038112915,보안등
219,역삼1동797-5,서울특별시 강남구 역삼1동797-5,37.4948350019,127.03926201200001,보안등
220,역삼1동797-1,서울특별시 강남구 역삼1동797-1,37.4949071619,127.039022316,보안등
221,역삼1동797-15,서울특별시 강남구 역삼1동797-15,37.4944385002,127.039438211,보안등
222,역삼1동796-3,서울특별시 강남구 역삼1동796-3,37.4939845205,127.03905349799999,보안등
223,역삼1동796-2,서울특별시 강남구 역삼1동796-2,37.4939449225,127.038913258,보안등
224,역삼1동796-6,서울특별시 강남구 역삼1동796-6,37.4937359261,127.03880006899999,보안등
225,역삼1동 682-1,서울특별시 강남구 역삼1동 682-1,37.5093399628,127.042807491,보안등
226,역삼1동 684-21,서울특별시 강남구 역삼1동 684-21,37.508947138,127.042771074,보안등
227,역삼1동 684-7,서울특별시 강남구 역삼1동 684-7,37.508691519,127.04202897399999,보안등
228,역삼1동796-11,서울특별시 강남구 역삼1동796-11,37.4936133087,127.03904425799999,보안등
229,역삼1동795-3,서울특별시 강남구 역삼1동795-3,37.493772127199996,127.03830705799999,보안등
230,역삼1동792-59,서울특별시 강남구 역삼1동792-59,37.4939703956,127.038162416,보안등
231,역삼1동792-82,서울특별시 강남구 역삼1동792-82,37.493934403400004,127.038013132,보안등
232,역삼1동792-5,서울특별시 강남구 역삼1동792-5,37.4932683136,127.035918562,보안등
233,역삼1동792-76,서울특별시 강남구 역삼1동792-76,37.4938839863,127.037890979,보안등
234,역삼1동792-75,서울특별시 강남구 역삼1동792-75,37.49405701,127.037796079,보안등
235,역삼1동792-81,서울특별시 강남구 역삼1동792-81,37.4937507757,127.03745668399999,보안등
236,역삼1동794-5,서울특별시 강남구 역삼1동794-5,37.493393966999996,127.037488168,보안등
237,역삼1동795-8,서울특별시 강남구 역삼1동795-8,37.4932568942,127.037863524,보안등
238,역삼1동795-13,서울특별시 강남구 역삼1동795-13,37.4932063505,127.03813488799999,보안등
239,역삼1동794-12,서울특별시 강남구 역삼1동794-12,37.4930947866,127.03763276,보안등
240,역삼1동 619-10,서울특별시 강남구 역삼1동 619-10,37.5023850567,127.02791593,보안등
241,역삼1동 622-22,서울특별시 강남구 역삼1동 622-22,37.5024101629,127.028427121,보안등
242,역삼1동 622-21,서울특별시 강남구 역삼1동 622-21,37.5024966235,127.02857643700001,보안등
243,역삼1동 622-17,서울특별시 강남구 역삼1동 622-17,37.5026082401,127.02901980600001,보안등
244,역삼1동 622-16,서울특별시 강남구 역삼1동 622-16,37.5026911692,127.028870554,보안등
245,역삼1동 622-11,서울특별시 강남구 역삼1동 622-11,37.502723515300005,127.029236991,보안등
246,역삼1동 621-13,서울특별시 강남구 역삼1동 621-13,37.502446024499996,127.029159979,보안등
247,역삼1동 621-33,서울특별시 강남구 역삼1동 621-33,37.501984657,127.029372414,보안등
248,역삼1동 621-26,서울특별시 강남구 역삼1동 621-26,37.501959579099996,127.02876170399999,보안등
249,역삼1동 620-24,서울특별시 강남구 역삼1동 620-24,37.5017395969,127.029318033,보안등
250,역삼1동 620-21,서울특별시 강남구 역삼1동 620-21,37.501299967600005,127.02906906,보안등
251,역삼1동 620-20,서울특별시 강남구 역삼1동 620-20,37.5014261173,127.029032919,보안등
252,역삼1동 620-13,서울특별시 강남구 역삼1동 620-13,37.5013000318,127.02880668700001,보안등
253,역삼1동 620-7,서울특별시 강남구 역삼1동 620-7,37.5012533538,127.028082884,보안등
254,역삼1동 817-35,서울특별시 강남구 역삼1동 817-35,37.500705555100005,127.028028395,보안등
255,역삼1동 817-1,서울특별시 강남구 역삼1동 817-1,37.5005975451,127.027557898,보안등
256,역삼1동 817-25,서울특별시 강남구 역삼1동 817-25,37.5002548771,127.02875652600001,보안등
257,역삼1동 817-17,서울특별시 강남구 역삼1동 817-17,37.4999883361,127.028105028,보안등
258,역삼1동 817-16,서울특별시 강남구 역삼1동 817-16,37.5001144909,127.028046269,보안등
259,역삼1동 690-40,서울특별시 강남구 역삼1동 690-40,37.5067235646,127.04247574600001,보안등
260,역삼1동 690-41,서울특별시 강남구 역삼1동 690-41,37.5068784542,127.04270655799999,보안등
261,역삼1동 690-14,서울특별시 강남구 역삼1동 690-14,37.5063200181,127.042185984,보안등
262,역삼1동 689-23,서울특별시 강남구 역삼1동 689-23,37.505909287,127.041828361,보안등
263,역삼1동 701,서울특별시 강남구 역삼1동 701,37.503861723200004,127.043161745,보안등
264,역삼1동 703-5,서울특별시 강남구 역삼1동 703-5,37.5042505168,127.04435173899999,보안등
265,역삼1동 703-8,서울특별시 강남구 역삼1동 703-8,37.5043188841,127.044641305,보안등
266,역삼1동 704-45,서울특별시 강남구 역삼1동 704-45,37.504650127800005,127.04549651299999,보안등
267,역삼1동 704-55,서울특별시 강남구 역삼1동 704-55,37.5047004196,127.04592178700001,보안등
268,역삼1동 704-53,서울특별시 강남구 역삼1동 704-53,37.504743569,127.04617515,보안등
269,역삼1동 704-51,서울특별시 강남구 역삼1동 704-51,37.5048804421,127.04637880899999,보안등
270,역삼1동 697-45,서울특별시 강남구 역삼1동 697-45,37.5050244674,127.046722714,보안등
271,역삼1동 696-5,서울특별시 강남구 역삼1동 696-5,37.5054134802,127.04727939700001,보안등
272,역삼1동 696-18,서울특별시 강남구 역삼1동 696-18,37.505589908000005,127.04770023299999,보안등
273,역삼1동 705-17,서울특별시 강남구 역삼1동 705-17,37.5050600218,127.04793513799999,보안등
274,역삼1동 705-32,서울특별시 강남구 역삼1동 705-32,37.5050060367,127.047749625,보안등
275,역삼1동 705-8,서울특별시 강남구 역삼1동 705-8,37.504894425100005,127.04746907299999,보안등
276,역삼1동 705-5,서울특별시 강남구 역삼1동 705-5,37.5047972307,127.04718400700001,보안등
277,역삼1동 681-50,서울특별시 강남구 역삼1동 681-50,37.5094049966,127.042359637,보안등
278,역삼1동 818-3,서울특별시 강남구 역삼1동 818-3,37.4998152922,127.028317571,보안등
279,역삼1동 819,서울특별시 강남구 역삼1동 819,37.4992062402,127.028199729,보안등
280,역삼1동 818-12,서울특별시 강남구 역삼1동 818-12,37.4995846075,127.028430573,보안등
281,역삼1동 818-10,서울특별시 강남구 역삼1동 818-10,37.4996854391,127.028765355,보안등
282,역삼1동 819-3,서울특별시 강남구 역삼1동 819-3,37.4994547196,127.029018586,보안등
283,역삼1동 681-13,서울특별시 강남구 역삼1동 681-13,37.508782022800006,127.04087990000001,보안등
284,역삼1동 681-15,서울특별시 강남구 역삼1동 681-15,37.5090127175,127.04077144700001,보안등
285,역삼1동 681-4,서울특별시 강남구 역삼1동 681-4,37.508576678000004,127.040635487,보안등
286,역삼1동 681-6,서울특별시 강남구 역삼1동 681-6,37.5088109765,127.040527035,보안등
287,역삼1동 680-1,서울특별시 강남구 역삼1동 680-1,37.5083102687,127.03978933799999,보안등
288,역삼1동 681-1,서울특별시 강남구 역삼1동 681-1,37.5088687012,127.040350625,보안등
289,역삼1동794-3,서울특별시 강남구 역삼1동794-3,37.4934661219,127.03725299799999,보안등
290,역삼1동792-46,서울특별시 강남구 역삼1동792-46,37.4938950283,127.03716727,보안등
291,역삼1동792-32,서울특별시 강남구 역삼1동792-32,37.4936283927,127.036968117,보안등
292,역삼1동794,서울특별시 강남구 역삼1동794,37.4933292965,127.036845844,보안등
293,역삼1동794-1,서울특별시 강남구 역삼1동794-1,37.4933688999,127.03697703600001,보안등
294,역삼1동794-16,서울특별시 강남구 역삼1동794-16,37.4928821893,127.037506005,보안등
295,역삼1동793-8,서울특별시 강남구 역삼1동793-8,37.493149136,127.036714584,보안등
296,역삼1동793-18,서울특별시 강남구 역삼1동793-18,37.4928535832,127.03678680899999,보안등
297,역삼1동794-9,서울특별시 강남구 역삼1동794-9,37.4930517,127.037121621,보안등
298,역삼1동793-22,서울특별시 강남구 역삼1동793-22,37.4925653325,127.03655598799999,보안등
299,역삼1동793-20,서울특별시 강남구 역삼1동793-20,37.4926733846,127.036777675,보안등
300,역삼1동793-30,서울특별시 강남구 역삼1동793-30,37.4924715294,127.03687256100001,보안등
301,역삼1동793-14,서울특별시 강남구 역삼1동793-14,37.4927997251,127.036130926,보안등
302,역삼1동794-20,서울특별시 강남구 역삼1동794-20,37.4927055574,127.037614472,보안등
303,역삼1동795-15,서울특별시 강남구 역삼1동795-15,37.493022596100005,127.037976484,보안등
304,역삼1동795-16,서울특별시 강남구 역삼1동795-16,37.493087398600004,127.03819362899999,보안등
305,역삼1동795-11,서울특별시 강남구 역삼1동795-11,37.4931990383,127.03845603,보안등
306,역삼1동796-8,서울특별시 강남구 역삼1동796-8,37.493591808000005,127.038668822,보안등
307,역삼1동796-26,서울특별시 강남구 역삼1동796-26,37.4932854077,127.03884506799999,보안등
308,역삼1동796-15,서울특별시 강남구 역삼1동796-15,37.493397074499995,127.03902153,보안등
309,역삼1동796-14,서울특별시 강남구 역삼1동796-14,37.4934438729,127.039184389,보안등
310,역삼1동796-13,서울특별시 강남구 역삼1동796-13,37.4934834767,127.039306536,보안등
311,역삼1동797-24,서울특별시 강남구 역삼1동797-24,37.4936419709,127.039555395,보안등
312,역삼1동797-21,서울특별시 강남구 역삼1동797-21,37.4939915008,127.03973650799999,보안등
313,역삼1동798-1,서울특별시 강남구 역삼1동798-1,37.493209375,127.03988988200001,보안등
314,역삼1동798-5,서울특별시 강남구 역삼1동798-5,37.4930615747,127.03999383600001,보안등
315,역삼1동798-24,서울특별시 강남구 역삼1동798-24,37.4928094253,127.039600188,보안등
316,역삼1동798-10,서울특별시 강남구 역삼1동798-10,37.492931820500004,127.04002090600001,보안등
317,역삼1동 613-18,서울특별시 강남구 역삼1동 613-18,37.505134262,127.030595099,보안등
318,역삼1동 614-24,서울특별시 강남구 역삼1동 614-24,37.5050839047,127.030210548,보안등
319,역삼1동 613-12,서울특별시 강남구 역삼1동 613-12,37.504846003400004,127.03035069200001,보안등
320,역삼1동 613-6,서울특별시 강남구 역삼1동 613-6,37.504557745300005,127.03010176299999,보안등
321,역삼1동 614-10,서울특별시 강남구 역삼1동 614-10,37.5045001886,127.02967649700001,보안등
322,역삼1동 614-8,서울특별시 강남구 역삼1동 614-8,37.5043560595,127.029549773,보안등
323,역삼1동 623-1,서울특별시 강남구 역삼1동 623-1,37.504172165599996,127.02990255899999,보안등
324,역삼1동 623-9,서울특별시 강남구 역삼1동 623-9,37.5037973611,127.029848124,보안등
325,역삼1동 623-7,서울특별시 강남구 역삼1동 623-7,37.503667644800004,127.029734977,보안등
326,역삼1동 623-6,서울특별시 강남구 역삼1동 623-6,37.5036497153,127.029373066,보안등
327,역삼1동 618-1,서울특별시 강남구 역삼1동 618-1,37.503646215100005,127.028952351,보안등
328,역삼1동 670-7,서울특별시 강남구 역삼1동 670-7,37.5036005144,127.03765160399999,보안등
329,역삼1동 670-8,서울특별시 강남구 역삼1동 670-8,37.5036617177,127.037855206,보안등
330,역삼1동 671-29,서울특별시 강남구 역삼1동 671-29,37.5041445926,127.038054499,보안등
331,역삼1동671-29,서울특별시 강남구 역삼1동671-29,37.5041445926,127.038054499,보안등
332,역삼1동 664-7,서울특별시 강남구 역삼1동 664-7,37.5047355349,127.03841670799999,보안등
333,역삼1동 664-6,서울특별시 강남구 역삼1동 664-6,37.5048220446,127.038376038,보안등
334,역삼1동 664-5,서울특별시 강남구 역삼1동 664-5,37.504980598,127.038448501,보안등
335,역삼1동 663-19,서울특별시 강남구 역삼1동 663-19,37.5053879155,127.038254182,보안등
336,역삼1동 664-1,서울특별시 강남구 역삼1동 664-1,37.505175195999996,127.038507411,보안등
337,역삼1동 663-4,서울특별시 강남구 역삼1동 663-4,37.5056617314,127.038530281,보안등
338,역삼1동 663,서울특별시 강남구 역삼1동 663,37.5056690715,127.038123131,보안등
339,역삼1동 675-3,서울특별시 강남구 역삼1동 675-3,37.5046480787,127.041262174,보안등
340,역삼1동 650-5,서울특별시 강남구 역삼1동 650-5,37.5072882493,127.03497975799999,보안등
341,역삼1동616-14,서울특별시 강남구 역삼1동616-14,37.503516741,127.027825875,보안등
342,역삼1동 617-4,서울특별시 강남구 역삼1동 617-4,37.5031022998,127.027735246,보안등
343,역삼1동 617-6,서울특별시 강남구 역삼1동 617-6,37.5032716558,127.027875546,보안등
344,역삼1동 618-8,서울특별시 강남구 역삼1동 618-8,37.5032535497,127.028237442,보안등
345,역삼1동 618-7,서울특별시 강남구 역삼1동 618-7,37.5031634036,127.028427406,보안등
346,역삼1동 618-2,서울특별시 강남구 역삼1동 618-2,37.5035490187,127.028490886,보안등
347,역삼1동 616-9,서울특별시 강남구 역삼1동 616-9,37.5039671157,127.028364377,보안등
348,역삼1동 614-1,서울특별시 강남구 역삼1동 614-1,37.5039417504,127.028929846,보안등
349,역삼1동 613-22,서울특별시 강남구 역삼1동 613-22,37.5053324196,127.03083947100001,보안등
350,역삼1동 614-3,서울특별시 강남구 역삼1동 614-3,37.5039849229,127.02923748200001,보안등
351,역삼1동 623-2,서울특별시 강남구 역삼1동 623-2,37.5040604855,127.029726085,보안등
352,역삼1동 671-32,서울특별시 강남구 역삼1동 671-32,37.5042453925,127.038402885,보안등
353,역삼1동 672-3,서울특별시 강남구 역삼1동 672-3,37.5041335674,127.03871044899999,보안등
354,역삼1동 672-5,서울특별시 강남구 역삼1동 672-5,37.5038452012,127.038846014,보안등
355,역삼1동 671-25,서울특별시 강남구 역삼1동 671-25,37.5034415686,127.03879152,보안등
356,역삼1동 672-25,서울특별시 강남구 역삼1동 672-25,37.503513580500005,127.038999652,보안등
357,역삼1동 671-22,서울특별시 강남구 역삼1동 671-22,37.5032469767,127.038714515,보안등
358,역삼1동 671-16,서울특별시 강남구 역삼1동 671-16,37.503477743299996,127.038379873,보안등
359,역삼1동 671-24,서울특별시 강남구 역삼1동 671-24,37.5035893572,127.038719215,보안등
360,역삼1동 671-5,서울특별시 강남구 역삼1동 671-5,37.5038057591,127.03822623100001,보안등
361,역삼1동 671-13,서울특별시 강남구 역삼1동 671-13,37.5034273325,127.03823961,보안등
362,역삼1동 671-15,서울특별시 강남구 역삼1동 671-15,37.5031353612,127.03837969799999,보안등
363,역삼1동 670-16,서울특별시 강남구 역삼1동 670-16,37.5031499452,127.037859471,보안등
364,역삼1동 669-14,서울특별시 강남구 역삼1동 669-14,37.5029951293,127.037366303,보안등
365,역삼1동 670-10,서울특별시 강남구 역삼1동 670-10,37.503459937399995,127.037714867,보안등
366,역삼1동 669-12,서울특별시 강남구 역삼1동 669-12,37.5033447708,127.037203621,보안등
367,역삼1동 670-4,서울특별시 강남구 역삼1동 670-4,37.5037699293,127.03757026,보안등
368,역삼1동789-7,서울특별시 강남구 역삼1동789-7,37.49472064,127.036235887,보안등
369,역삼1동792-35,서울특별시 강남구 역삼1동792-35,37.4940537399,127.036737643,보안등
370,역삼1동792-34,서울특별시 강남구 역삼1동792-34,37.4939239752,127.036800904,보안등
371,역삼1동792-22,서울특별시 강남구 역삼1동792-22,37.493794360500004,127.036380182,보안등
372,역삼1동792-26,서울특별시 강남구 역삼1동792-26,37.4940069548,127.036520505,보안등
373,역삼1동792-36,서울특별시 강남구 역삼1동792-36,37.4941835045,127.036674381,보안등
374,역삼1동792-38,서울특별시 강남구 역삼1동792-38,37.4940897379,127.036873357,보안등
375,역삼1동792-45,서울특별시 강남구 역삼1동792-45,37.494057181,127.037257815,보안등
376,역삼1동792-42,서울특별시 강남구 역삼1동792-42,37.4942735108,127.03697748200001,보안등
377,역삼1동792-43,서울특별시 강남구 역삼1동792-43,37.4943239146,127.03714486700001,보안등
378,역삼1동792-52,서울특별시 강남구 역삼1동792-52,37.494424730300004,127.037452497,보안등
379,역삼1동792-55,서울특별시 강남구 역삼1동792-55,37.494193986199996,127.037723776,보안등
380,역삼1동792-57,서울특별시 강남구 역삼1동792-57,37.4941146208,127.03796346799999,보안등
381,역삼1동791-13,서울특별시 강남구 역삼1동791-13,37.494370428,127.03820785200001,보안등
382,역삼1동791-11,서울특별시 강남구 역삼1동791-11,37.494431780999996,127.037945535,보안등
383,역삼1동 622-7,서울특별시 강남구 역삼1동 622-7,37.5033326363,127.02906984799999,보안등
384,역삼1동 622-6,서울특별시 강남구 역삼1동 622-6,37.5032497081,127.029214577,보안등
385,역삼1동 622-5,서울특별시 강남구 역삼1동 622-5,37.50317399,127.029350261,보안등
386,역삼1동 622-9,서울특별시 강남구 역삼1동 622-9,37.5030587728,127.028897839,보안등
387,역삼1동 621-11,서울특별시 강남구 역삼1동 621-11,37.502251434099996,127.029051334,보안등
388,역삼1동 621-7,서울특별시 강남구 역삼1동 621-7,37.5021433974,127.02870749,보안등
389,역삼1동 621-4,서울특별시 강남구 역삼1동 621-4,37.502096639,127.028318433,보안등
390,역삼1동 621-1,서울특별시 강남구 역삼1동 621-1,37.5019741927,127.027938395,보안등
391,역삼1동 619-13,서울특별시 강남구 역삼1동 619-13,37.5019310411,127.027526722,보안등
392,역삼1동 619-12,서울특별시 강남구 역삼1동 619-12,37.5020823794,127.027657966,보안등
393,역삼1동 834-36,서울특별시 강남구 역삼1동 834-36,37.493366108800004,127.03428121700001,보안등
394,역삼1동 834-38,서울특별시 강남구 역삼1동 834-38,37.4936184262,127.034159205,보안등
395,역삼1동 834-43,서울특별시 강남구 역삼1동 834-43,37.4939680573,127.034019145,보안등
396,역삼1동 692-7,서울특별시 강남구 역삼1동 692-7,37.5067159294,127.043647455,보안등
397,역삼1동 692-8,서울특별시 강남구 역삼1동 692-8,37.506842041599995,127.043724436,보안등
398,역삼1동 692-18,서울특별시 강남구 역삼1동 692-18,37.5072926791,127.043358253,보안등
399,역삼1동 692-19,서울특별시 강남구 역삼1동 692-19,37.507195309000004,127.043525586,보안등
400,역삼1동 691,서울특별시 강남구 역삼1동 691,37.5068603406,127.042964415,보안등
401,역삼1동 692-26,서울특별시 강남구 역삼1동 692-26,37.507303389499995,127.043634225,보안등
402,역삼1동 693-9,서울특별시 강남구 역삼1동 693-9,37.507530318600004,127.043969136,보안등
403,역삼1동 693,서울특별시 강남구 역삼1동 693,37.5078117142,127.043204736,보안등
404,역삼1동789-30,서울특별시 강남구 역삼1동789-30,37.4941153818,127.03551640100001,보안등
405,역삼1동834-47,서울특별시 강남구 역삼1동834-47,37.4943425626,127.03509132299999,보안등
406,역삼1동834-103,서울특별시 강남구 역삼1동834-103,37.4937622265,127.03538506,보안등
407,역삼1동834-104,서울특별시 강남구 역삼1동834-104,37.493704620100004,127.035190535,보안등
408,역삼1동834-58,서울특별시 강남구 역삼1동834-58,37.493628853000004,127.035466415,보안등
409,역삼1동834-59,서울특별시 강남구 역삼1동834-59,37.4935856454,127.035330699,보안등
410,역삼1동834-61,서울특별시 강남구 역삼1동834-61,37.4933585984,127.035307976,보안등
411,역삼1동834-64,서울특별시 강남구 역삼1동834-64,37.4932251557,127.03562001200001,보안등
412,역삼1동834-66,서울특별시 강남구 역삼1동834-66,37.4931675483,127.035430012,보안등
413,역삼1동792-7,서울특별시 강남구 역삼1동792-7,37.4934988816,127.03621268,보안등
414,역삼1동793-9,서울특별시 강남구 역삼1동793-9,37.4930879026,127.036601474,보안등
415,역삼1동792-16,서울특별시 강남구 역삼1동792-16,37.4937331365,127.03623541,보안등
416,역삼1동792-14,서울특별시 강남구 역삼1동792-14,37.4939313871,127.036140518,보안등
417,역삼1동792-13,서울특별시 강남구 역삼1동792-13,37.494025105700004,127.036095331,보안등
418,역삼1동792-25,서울특별시 강남구 역삼1동792-25,37.494125904499995,127.036466284,보안등
419,역삼1동789-24,서울특별시 강남구 역삼1동789-24,37.4943097434,127.036357816,보안등
420,역삼1동 622-20,서울특별시 강남구 역삼1동 622-20,37.5025939724,127.028409095,보안등
421,역삼1동 618-19,서울특별시 강남구 역삼1동 618-19,37.5026048581,127.028101485,보안등
422,역삼1동 619-8,서울특별시 강남구 역삼1동 619-8,37.5023382809,127.02759020399999,보안등
423,역삼1동 619-7,서울특별시 강남구 역삼1동 619-7,37.5021833385,127.027458959,보안등
424,역삼1동 619-6,서울특별시 강남구 역삼1동 619-6,37.502032,127.027327716,보안등
425,역삼1동 619-15,서울특별시 강남구 역삼1동 619-15,37.5016392611,127.0268933,보안등
426,역삼1동 619-22,서울특별시 강남구 역삼1동 619-22,37.5016211955,127.027092335,보안등
427,역삼1동 619-21,서울특별시 강남구 역삼1동 619-21,37.5014842239,127.027173712,보안등
428,역삼1동 619-19,서울특별시 강남구 역삼1동 619-19,37.5011634304,127.0273274,보안등
429,역삼1동 619-29,서울특별시 강남구 역삼1동 619-29,37.501022803000005,127.027630433,보안등
430,역삼1동 619-24,서울특별시 강남구 역삼1동 619-24,37.5013976604,127.027463195,보안등
431,역삼1동 621-16,서울특별시 강남구 역삼1동 621-16,37.5015273067,127.027883945,보안등
432,역삼1동 620-3,서울특별시 강남구 역삼1동 620-3,37.5015019394,127.028467489,보안등
433,역삼1동 621-24,서울특별시 강남구 역삼1동 621-24,37.5017469802,127.02860329299999,보안등
434,역삼1동836-34,서울특별시 강남구 역삼1동836-34,37.4923931633,127.033787751,보안등
435,역삼1동836-32,서울특별시 강남구 역삼1동836-32,37.4922093965,127.033651975,보안등
436,역삼1동836-78,서울특별시 강남구 역삼1동836-78,37.492166078400004,127.033896204,보안등
437,역삼1동836-21,서울특별시 강남구 역삼1동836-21,37.4909840112,127.033705702,보안등
438,역삼1동836-18,서울특별시 강남구 역삼1동836-18,37.4914597804,127.033574746,보안등
439,역삼1동836-6,서울특별시 강남구 역삼1동836-6,37.4917589916,127.033303495,보안등
440,역삼1동836-7,서울특별시 강남구 역삼1동836-7,37.4917913959,127.033416587,보안등
441,역삼1동836-28,서울특별시 강남구 역삼1동836-28,37.492054458,127.033529782,보안등
442,역삼1동836-27,서울특별시 강남구 역삼1동836-27,37.4921661983,127.03347555399999,보안등
443,역삼1동615-3,서울특별시 강남구 역삼1동615-3,37.504432221900004,127.02757287899999,보안등
444,역삼1동615-20,서울특별시 강남구 역삼1동615-20,37.50455106,127.02797554600001,보안등
445,역삼1동615-27,서울특별시 강남구 역삼1동615-27,37.5047743125,127.02879445100001,보안등
446,역삼1동615-29,서울특별시 강남구 역삼1동615-29,37.5048823388,127.02917902200001,보안등
447,역삼1동614-17,서울특별시 강남구 역삼1동614-17,37.5049831149,127.029726451,보안등
448,역삼1동604,서울특별시 강남구 역삼1동604,37.505426326999995,127.030052349,보안등
449,역삼1동603-11,서울특별시 강남구 역삼1동603-11,37.5057218728,127.02998913200001,보안등
450,역삼1동604-2,서울특별시 강남구 역삼1동604-2,37.5058334957,127.030387283,보안등
451,역삼1동604-1,서울특별시 강남구 역삼1동604-1,37.5055956617,127.030265041,보안등
452,역삼1동615-30,서울특별시 강남구 역삼1동615-30,37.5049760064,127.029328347,보안등
453,역삼1동 664-18,서울특별시 강남구 역삼1동 664-18,37.5050812337,127.03928999600001,보안등
454,역삼1동 664-10,서울특별시 강남구 역삼1동 664-10,37.5051606226,127.038986937,보안등
455,역삼1동 664-14,서울특별시 강남구 역삼1동 664-14,37.5053732074,127.039145384,보안등
456,역삼1동 663-28,서울특별시 강남구 역삼1동 663-28,37.5057479141,127.03948035100001,보안등
457,역삼1동 663-27,서울특별시 강남구 역삼1동 663-27,37.505701113200004,127.039326512,보안등
458,역삼1동 664-4,서울특별시 강남구 역삼1동 664-4,37.505326411999995,127.038973451,보안등
459,역삼1동 664-11,서울특별시 강남구 역삼1동 664-11,37.5050020412,127.039000426,보안등
460,역삼1동 672-19,서울특별시 강남구 역삼1동 672-19,37.5045911664,127.039049975,보안등
461,역삼1동 673-3,서울특별시 강남구 역삼1동 673-3,37.5043603934,127.039398191,보안등
462,역삼1동 672-22,서울특별시 강남구 역삼1동 672-22,37.5041478029,127.03925784,보안등
463,역삼1동 673-5,서울특별시 강남구 역삼1동 673-5,37.504068420799996,127.039538276,보안등
464,역삼1동 673-25,서울특별시 강남구 역삼1동 673-25,37.5037440089,127.039687391,보안등
465,역삼1동 673-26,서울특별시 강남구 역삼1동 673-26,37.5035998237,127.039759695,보안등
466,역삼1동 672-33,서울특별시 강남구 역삼1동 672-33,37.5036215902,127.039334469,보안등
467,역삼1동 672-28,서울특별시 강남구 역삼1동 672-28,37.5037081723,127.039076658,보안등
468,역삼1동 672-16,서울특별시 강남구 역삼1동 672-16,37.5041009986,127.039113053,보안등
469,역삼1동 672-15,서울특별시 강남구 역삼1동 672-15,37.5042487859,127.039045273,보안등
470,역삼1동 672-14,서울특별시 강남구 역삼1동 672-14,37.504396573200005,127.038977492,보안등
471,역삼1동615-1,서울특별시 강남구 역삼1동615-1,37.5043169824,127.02718831,보안등
472,역삼1동615-2,서울특별시 강남구 역삼1동615-2,37.504374600700004,127.02738738,보안등
473,역삼1동 736-37,서울특별시 강남구 역삼1동 736-37,37.4993774335,127.034935355,보안등
474,역삼1동 827-32,서울특별시 강남구 역삼1동 827-32,37.4964808526,127.03116151299999,보안등
475,역삼1동 827-38,서울특별시 강남구 역삼1동 827-38,37.4967259562,127.03104853,보안등
476,역삼1동 824,서울특별시 강남구 역삼1동 824,37.4982652205,127.029705694,보안등
477,역삼1동 824-9,서울특별시 강남구 역삼1동 824-9,37.4975405875,127.030582954,보안등
478,역삼1동 671-30,서울특별시 강남구 역삼1동 671-30,37.5043211459,127.038190303,보안등
479,역삼1동 664-44,서울특별시 강남구 역삼1동 664-44,37.5048616093,127.038620347,보안등
480,역삼1동 792-26,서울특별시 강남구 역삼1동 792-26,37.4940069548,127.036520505,보안등
481,역삼1동615-31,서울특별시 강남구 역삼1동615-31,37.5047381992,127.029093012,보안등
482,역삼1동614-7,서울특별시 강남구 역삼1동614-7,37.5043489425,127.029183338,보안등
483,역삼1동615-33,서울특별시 강남구 역삼1동615-33,37.5044823835,127.02880791,보안등
484,역삼1동615-45,서울특별시 강남구 역삼1동615-45,37.5042553774,127.028613298,보안등
485,역삼1동615-21,서울특별시 강남구 역삼1동615-21,37.5043924195,127.028242394,보안등
486,역삼1동616-8,서울특별시 강남구 역삼1동616-8,37.5039455435,127.028147226,보안등
487,역삼1동616-7,서울특별시 강남구 역삼1동616-7,37.5038482693,127.028002427,보안등
488,역삼1동615-17,서울특별시 강남구 역삼1동615-17,37.5039997383,127.027577244,보안등
489,역삼1동615-11,서울특별시 강남구 역삼1동615-11,37.5040682767,127.027310363,보안등
490,역삼1동617-5,서울특별시 강남구 역삼1동617-5,37.503217640100004,127.027685527,보안등
491,역삼1동 674-5,서울특별시 강남구 역삼1동 674-5,37.504417800300004,127.04016275200001,보안등
492,역삼1동 674-7,서울특별시 강남구 역삼1동 674-7,37.5044825801,127.04043421799999,보안등
493,역삼1동 674-9,서울특별시 강남구 역삼1동 674-9,37.5042519891,127.04023956799999,보안등
494,역삼1동 674-10,서울특별시 강남구 역삼1동 674-10,37.5042915871,127.040375305,보안등
495,역삼1동 674-13,서울특별시 강남구 역삼1동 674-13,37.5040897727,127.040343529,보안등
496,역삼1동 674-15,서울특별시 강남구 역삼1동 674-15,37.5037148957,127.040515232,보안등
497,역삼1동 673-34,서울특별시 강남구 역삼1동 673-34,37.5037006216,127.040099034,보안등
498,역삼1동 673-17,서울특별시 강남구 역삼1동 673-17,37.5041800315,127.039877623,보안등
499,역삼1동 673-16,서울특별시 강남구 역삼1동 673-16,37.5043242152,127.03980984200001,보안등
500,역삼1동 673-14,서울특별시 강남구 역삼1동 673-14,37.5046161896,127.039665233,보안등
501,역삼1동 664-21,서울특별시 강남구 역삼1동 664-21,37.5053298327,127.03952537,보안등
502,역삼1동 672-12,서울특별시 강남구 역삼1동 672-12,37.5046885451,127.03883740399999,보안등
503,역삼1동 672,서울특별시 강남구 역삼1동 672,37.5045733245,127.03850710200001,보안등
504,역삼1동629-16,서울특별시 강남구 역삼1동629-16,37.503172702600004,127.034140939,보안등
505,역삼1동638-6,서울특별시 강남구 역삼1동638-6,37.5023259886,127.03333080700001,보안등
506,역삼1동664-27,서울특별시 강남구 역삼1동664-27,37.5054486437,127.039887345,보안등
507,역삼1동697-28,서울특별시 강남구 역삼1동697-28,37.5061316721,127.044732864,보안등
508,역삼1동620-11,서울특별시 강남구 역삼1동620-11,37.5011163263,127.028394965,보안등
509,역삼1동639-3,서울특별시 강남구 역삼1동639-3,37.5026609732,127.033995946,보안등
510,역삼1동643-8,서울특별시 강남구 역삼1동643-8,37.501965024200004,127.035266791,보안등
511,역삼1동693-14,서울특별시 강남구 역삼1동693-14,37.5081864058,127.043548781,보안등
512,역삼1동660-3,서울특별시 강남구 역삼1동660-3,37.5055940624,127.035969706,보안등
513,역삼1동 648-12,서울특별시 강남구 역삼1동 648-12,37.500318931399995,127.03194116799999,보안등
514,역삼1동 678-29,서울특별시 강남구 역삼1동 678-29,37.5021691528,127.039383468,보안등
515,역삼1동810,서울특별시 강남구 역삼1동810,37.503863181199996,127.025826476,보안등
516,역삼1동701상록회관뒷길,서울특별시 강남구 역삼1동701상록회관뒷길,37.503861723200004,127.043161745,보안등
517,역삼1동 661-15,서울특별시 강남구 역삼1동 661-15,37.5061158246,127.03857123,보안등
518,역삼1동 661-28,서울특별시 강남구 역삼1동 661-28,37.506548113499996,127.03915957,보안등
519,역삼1동 606-18,서울특별시 강남구  역삼1동 606-18,37.5064885033,127.033789579,보안등
520,역삼1동 743,서울특별시 강남구 역삼1동 743,37.4972329338,127.035287183,보안등
521,역삼1동 678-28,서울특별시 강남구 역삼1동 678-28,37.502309733699995,127.039311162,보안등
522,역삼1동836-17,서울특별시 강남구 역삼1동836-17,37.4918525071,127.033968431,보안등
523,역삼1동836-42,서울특별시 강남구 역삼1동836-42,37.4918093015,127.03381915,보안등
524,역삼1동836-41,서울특별시 강남구 역삼1동836-41,37.4916326743,127.033923101,보안등
525,역삼1동836-40,서울특별시 강남구 역삼1동836-40,37.4914884949,127.033986359,보안등
526,역삼1동836-39,서울특별시 강남구 역삼1동836-39,37.4913479183,127.034054141,보안등
527,역삼1동836-38,서울특별시 강남구 역삼1동836-38,37.4912073402,127.034126446,보안등
528,역삼1동838-5,서울특별시 강남구 역삼1동838-5,37.4903355806,127.032656074,보안등
529,역삼1동838-7,서울특별시 강남구 역삼1동838-7,37.4904544029,127.03305415,보안등
530,역삼1동839,서울특별시 강남구 역삼1동839,37.490558832,127.033366284,보안등
531,역삼1동836-24,서울특별시 강남구 역삼1동836-24,37.4908975929,127.033429758,보안등
532,역삼1동839-3,서울특별시 강남구 역삼1동839-3,37.4907028568,127.033845789,보안등
533,역삼1동839-4,서울특별시 강남구 역삼1동839-4,37.4907640707,127.034035784,보안등
534,역삼1동839-6,서울특별시 강남구 역삼1동839-6,37.4908756882,127.03440672299999,보안등
535,역삼1동836-68,서울특별시 강남구 역삼1동836-68,37.4911747791,127.03455612100001,보안등
536,역삼1동836-65,서울특별시 강남구 역삼1동836-65,37.4913947288,127.0341989,보안등
537,역삼1동836-63,서울특별시 강남구 역삼1동836-63,37.491679485,127.034067861,보안등
538,역삼1동 683-6,서울특별시 강남구 역삼1동 683-6,37.508409796500004,127.043707254,보안등
539,역삼1동 683-7,서울특별시 강남구 역삼1동 683-7,37.5082944075,127.043870054,보안등
540,역삼1동 693-15,서울특별시 강남구 역삼1동 693-15,37.5077717575,127.044050711,보안등
541,역삼1동 683-8,서울특별시 강남구 역삼1동 683-8,37.5082222817,127.04399216200001,보안등
542,역삼1동 683-5,서울특별시 강남구 역삼1동 683-5,37.5084817778,127.04397421799999,보안등
543,역삼1동 683-3,서울특별시 강남구 역삼1동 683-3,37.508762916500004,127.04390652100001,보안등
544,역삼1동 683-21,서울특별시 강남구 역삼1동 683-21,37.508081654099996,127.04418209100001,보안등
545,역삼1동 683-23,서울특별시 강남구 역삼1동 683-23,37.5079986922,127.044367529,보안등
546,역삼1동 683-30,서울특별시 강남구 역삼1동 683-30,37.5077642842,127.044756458,보안등
547,역삼1동 683-13,서울특별시 강남구 역삼1동 683-13,37.508845706,127.044182541,보안등
548,역삼1동 683-15,서울특별시 강남구 역삼1동 683-15,37.5085429464,127.044241176,보안등
549,역삼1동 698-9,서울특별시 강남구 역삼1동 698-9,37.5063517942,127.04399558899999,보안등
550,역삼1동 698-18,서울특별시 강남구 역삼1동 698-18,37.5061643278,127.04414929299999,보안등
551,역삼1동 691-29,서울특별시 강남구 역삼1동 691-29,37.5059483433,127.04345700299999,보안등
552,역삼1동 691-28,서울특별시 강남구 역삼1동 691-28,37.505800593400004,127.043416201,보안등
553,역삼1동 691-26,서울특별시 강남구 역삼1동 691-26,37.5055123034,127.04333008,보안등
554,역삼1동 691-24,서울특별시 강남구 역삼1동 691-24,37.505696173000004,127.043153753,보안등
555,역삼1동 691-22,서울특별시 강남구 역삼1동 691-22,37.5059844632,127.043239874,보안등
556,역삼1동 691-13,서울특별시 강남구 역삼1동 691-13,37.5061971862,127.043004751,보안등
557,역삼1동 691-20,서울특별시 강남구 역삼1동 691-20,37.5062763573,127.04332599799999,보안등
558,역삼1동 685-6,서울특별시 강남구 역삼1동 685-6,37.507959833899996,127.042223099,보안등
559,역삼1동813-4,서울특별시 강남구 역삼1동813-4,37.502706160100004,127.026414165,보안등
560,역삼1동810-7,서울특별시 강남구 역삼1동810-7,37.503160312199995,127.026210755,보안등
561,역삼1동810-3,서울특별시 강남구 역삼1동810-3,37.5035243644,127.02600278799999,보안등
562,역삼1동809-3,서울특별시 강남구 역삼1동809-3,37.5038668491,127.025532429,보안등
563,역삼1동 683,서울특별시 강남구 역삼1동 683,37.5088820164,127.043454179,보안등
564,역삼1동 683-41,서울특별시 강남구 역삼1동 683-41,37.5086187994,127.04378881,보안등
565,역삼1동601-5,서울특별시 강남구 역삼1동601-5,37.504447014899995,127.025908107,보안등
566,역삼1동601-21,서울특별시 강남구 역삼1동601-21,37.504306369,127.02631068,보안등
567,역삼1동811,서울특별시 강남구 역삼1동811,37.5037404982,127.02648691,보안등
568,역삼1동810-16,서울특별시 강남구 역삼1동810-16,37.503704505500004,127.02627427899999,보안등
569,역삼1동810-14,서울특별시 강남구 역삼1동810-14,37.503481042,127.02633753299999,보안등
570,역삼1동810-12,서울특별시 강남구 역삼1동810-12,37.5032828006,127.02642794,보안등
571,역삼1동810-11,서울특별시 강남구 역삼1동810-11,37.503189085900004,127.026473144,보안등
572,역삼1동813-2,서울특별시 강남구 역삼1동813-2,37.5029043244,127.026667565,보안등
573,역삼1동812,서울특별시 강남구 역삼1동812,37.5029691496,127.02687568200001,보안등
574,역삼1동812-9,서울특별시 강남구 역삼1동812-9,37.5027204473,127.026984162,보안등
575,역삼1동812-16,서울특별시 강남구 역삼1동812-16,37.5026231118,127.027101745,보안등
576,역삼1동813-10,서울특별시 강남구 역삼1동813-10,37.5024970299,127.026843846,보안등
577,역삼1동813-11,서울특별시 강남구 역삼1동813-11,37.5023528504,127.026925222,보안등
578,역삼1동619-4,서울특별시 강남구 역삼1동619-4,37.501898726,127.02700196100001,보안등
579,역삼1동813-15,서울특별시 강남구 역삼1동813-15,37.502298833299996,127.026735206,보안등
580,역삼1동619-2,서울특별시 강남구 역삼1동619-2,37.5022590576,127.02730970399999,보안등
581,역삼1동812-15,서울특별시 강남구 역삼1동812-15,37.502641084000004,127.027309843,보안등
582,역삼1동812-13,서울특별시 강남구 역삼1동812-13,37.5028392853,127.02739586700001,보안등
583,역삼1동811-7,서울특별시 강남구 역삼1동811-7,37.5032213681,127.02715172299999,보안등
584,역삼1동811-9,서울특별시 강남구 역삼1동811-9,37.5031853796,127.02692552100001,보안등
585,역삼1동811-5,서울특별시 강남구 역삼1동811-5,37.503455655399996,127.027038713,보안등
586,역삼1동616-1,서울특별시 강남구 역삼1동616-1,37.5037078808,127.027283089,보안등
587,역삼1동811-3,서울특별시 강남구 역삼1동811-3,37.503693579600004,127.026780941,보안등
588,역삼1동811-1,서울특별시 강남구 역삼1동811-1,37.5036828084,127.026599985,보안등
589,역삼1동601-27,서울특별시 강남구 역삼1동601-27,37.5040359586,127.026794635,보안등
590,역삼1동 677-22,서울특별시 강남구 역삼1동 677-22,37.5024754145,127.039623387,보안등
591,역삼1동 677-21,서울특별시 강남구 역삼1동 677-21,37.5025510152,127.039872233,보안등
592,역삼1동 677-19,서울특별시 강남구 역삼1동 677-19,37.5026986189,127.040347305,보안등
593,역삼1동 678-19,서울특별시 강남구 역삼1동 678-19,37.502353148000005,127.038809052,보안등
594,역삼1동 678-24,서울특별시 강남구 역삼1동 678-24,37.5020289029,127.038451511,보안등
595,역삼1동 678-12,서울특별시 강남구 역삼1동 678-12,37.5023461112,127.038284296,보안등
596,역삼1동 674-28,서울특별시 강남구 역삼1동 674-28,37.5042697636,127.040954345,보안등
597,역삼1동 674-25,서울특별시 강남구 역삼1동 674-25,37.504111334899996,127.040524494,보안등
598,역삼1동 674-29,서울특별시 강남구 역삼1동 674-29,37.504691545,127.040633381,보안등
599,역삼1동 674-33,서울특별시 강남구 역삼1동 674-33,37.5048933561,127.040674205,보안등
600,역삼1동 674-38,서울특별시 강남구 역삼1동 674-38,37.5051456873,127.040529577,보안등
601,역삼1동 674-39,서울특별시 강남구 역삼1동 674-39,37.5050844855,127.040335017,보안등
602,역삼1동 674-3,서울특별시 강남구 역삼1동 674-3,37.5047673949,127.04014936700001,보안등
603,역삼1동 674-42,서울특별시 강남구 역삼1동 674-42,37.5052718482,127.040470835,보안등
604,역삼1동 662-12,서울특별시 강남구 역삼1동 662-12,37.505675455,127.04059772299999,보안등
605,역삼1동 664-30,서울특별시 강남구 역삼1동 664-30,37.5053548748,127.04007730000001,보안등
606,역삼1동 664-33,서울특별시 강남구 역삼1동 664-33,37.505545849499995,127.04019050000001,보안등
607,역삼1동 664-31,서울특별시 강남구 역삼1동 664-31,37.5056792198,127.040127236,보안등
608,역삼1동 663-30,서울특별시 강남구 역삼1동 663-30,37.5058739135,127.039901143,보안등
609,역삼1동 664-23,서울특별시 강남구 역삼1동 664-23,37.5053982453,127.03971541,보안등
610,역삼1동 674-2,서울특별시 강남구 역삼1동 674-2,37.504929602,127.040072548,보안등
611,역삼1동671-7,서울특별시 강남구 역삼1동671-7,37.5040111531,127.038334908,보안등
612,역삼1동833-7,서울특별시 강남구 역삼1동833-7,37.4928007014,127.032783795,보안등
613,역삼1동608-3,서울특별시 강남구 역삼1동608-3,37.504773188,127.033087605,보안등
614,역삼1동 797-9,서울특별시 강남구 역삼1동 797-9,37.494683677800005,127.039126234,보안등
615,역삼1동 609-1,서울특별시 강남구 역삼1동 609-1,37.5057498662,127.03312875200001,보안등
616,역삼1동672-19,서울특별시 강남구 역삼1동672-19,37.5045911664,127.039049975,보안등
617,역삼1동637-15,서울특별시 강남구 역삼1동637-15,37.5011909446,127.032529615,보안등
618,역삼1동812-12,서울특별시 강남구 역삼1동812-12,37.5028140812,127.027291811,보안등
619,역삼1동601-3,서울특별시 강남구 역삼1동601-3,37.5043822154,127.02557332,보안등
620,역삼1동637-16,서울특별시 강남구 역삼1동637-16,37.5011369302,127.03236221600001,보안등
621,역삼1동637-19,서울특별시 강남구 역삼1동637-19,37.500762118000004,127.032339436,보안등
622,역삼1동647-1,서울특별시 강남구 역삼1동647-1,37.5005998523,127.032646973,보안등
623,역삼1동619-15,서울특별시 강남구 역삼1동619-15,37.5016392611,127.0268933,보안등
624,역삼1동813,서울특별시 강남구 역삼1동813,37.5028106878,127.026364441,보안등
625,역삼1동815-1,서울특별시 강남구 역삼1동815-1,37.501098736399996,127.026544785,보안등
626,역삼1동815-4,서울특별시 강남구 역삼1동815-4,37.500774336599996,127.02671204399999,보안등
627,역삼1동820-8,서울특별시 강남구 역삼1동820-8,37.4992244077,127.027575488,보안등
628,역삼1동637-53,서울특별시 강남구 역삼1동637-53,37.5016810992,127.032502685,보안등
629,역삼1동620-17,서울특별시 강남구 역삼1동620-17,37.501026108400005,127.028878961,보안등
630,역삼1동615,서울특별시 강남구 역삼1동615,37.5042521556,127.026989238,보안등
631,역삼1동 677-9,서울특별시 강남구 역삼1동 677-9,37.502972702600005,127.039822695,보안등
632,역삼1동 677-11,서울특별시 강남구 역삼1동 677-11,37.502846701399996,127.03940644299999,보안등
633,역삼1동 678-16,서울특별시 강남구 역삼1동 678-16,37.5026269433,127.03914395,보안등
634,역삼1동693-12,서울특별시 강남구 역삼1동693-12,37.5078260273,127.043485235,보안등
635,역삼1동677-19,서울특별시 강남구 역삼1동677-19,37.5026986189,127.040347305,보안등
636,역삼1동817-15,서울특별시 강남구 역삼1동817-15,37.5002478548,127.02798298799999,보안등
637,역삼1동620-10,서울특별시 강남구 역삼1동620-10,37.501047904,127.028168756,보안등
638,역삼1동 704-43,서울특별시 강남구 역삼1동 704-43,37.504898906,127.045234279,보안등
639,역삼1동 704-44,서울특별시 강남구 역삼1동 704-44,37.5047439643,127.04515275600001,보안등
640,역삼1동 704-30,서울특별시 강남구 역삼1동 704-30,37.504715204600004,127.044962736,보안등
641,역삼1동 704-32,서울특별시 강남구 역삼1동 704-32,37.505021511799995,127.045053398,보안등
642,역삼1동 704-34,서울특별시 강남구 역삼1동 704-34,37.5053386311,127.045144066,보안등
643,역삼1동 704-25,서울특별시 강남구 역삼1동 704-25,37.505363914499995,127.044999316,보안등
644,역삼1동830-14,서울특별시 강남구 역삼1동830-14,37.4946894167,127.032038282,보안등
645,역삼1동830-15,서울특별시 강남구 역삼1동830-15,37.494635400300005,127.03187542200001,보안등
646,역삼1동830-55,서울특별시 강남구 역삼1동830-55,37.4944370373,127.032395511,보안등
647,역삼1동830-20,서울특별시 강남구 역삼1동830-20,37.4943073467,127.032196432,보안등
648,역삼1동830-54,서울특별시 강남구 역삼1동830-54,37.494318086999996,127.032458785,보안등
649,역삼1동830-52,서울특별시 강남구 역삼1동830-52,37.4943901015,127.032698548,보안등
650,역삼1동830-67,서울특별시 강남구 역삼1동830-67,37.4940981903,127.03264414200001,보안등
651,역삼1동830-7,서울특별시 강남구 역삼1동830-7,37.495021204000004,127.031228756,보안등
652,역삼1동827-22,서울특별시 강남구 역삼1동827-22,37.495457282800004,127.031260601,보안등
653,역삼1동827-19,서울특별시 강남구 역삼1동827-19,37.495601517800004,127.030980215,보안등
654,역삼1동826-35,서울특별시 강남구 역삼1동826-35,37.496005311,127.03043305700001,보안등
655,역삼1동826-29,서울특별시 강남구 역삼1동826-29,37.4963045125,127.030170824,보안등
656,역삼1동825-24,서울특별시 강남구 역삼1동825-24,37.4970254198,127.029768531,보안등
657,역삼1동827-43,서울특별시 강남구 역삼1동827-43,37.4969422746,127.03075459899999,보안등
658,역삼1동827-3,서울특별시 강남구 역삼1동827-3,37.4967621156,127.030591683,보안등
659,역삼1동827-8,서울특별시 강남구 역삼1동827-8,37.4964809687,127.030718223,보안등
660,역삼1동824-12,서울특별시 강남구 역삼1동824-12,37.4973929133,127.030230066,보안등
661,역삼1동824-13,서울특별시 강남구 역삼1동824-13,37.4975875272,127.030243715,보안등
662,역삼1동825-1,서울특별시 강남구 역삼1동825-1,37.4976023226,127.028723845,보안등
663,역삼1동825-30,서울특별시 강남구 역삼1동825-30,37.4973102824,127.029189646,보안등
664,역삼1동825-22,서울특별시 강남구 역삼1동825-22,37.4972525212,127.02957863700001,보안등
665,역삼1동825-27,서울특별시 강남구 역삼1동825-27,37.496823685,127.029406579,보안등
666,역삼1동825-26,서울특별시 강남구 역삼1동825-26,37.4968740985,127.029578488,보안등
667,역삼1동 631-13,서울특별시 강남구 역삼1동 631-13,37.502088317600005,127.03263405,보안등
668,역삼1동 637-1,서울특별시 강남구 역삼1동 637-1,37.5014217442,127.03200949299999,보안등
669,역삼1동 636-9,서울특별시 강남구 역삼1동 636-9,37.5013029077,127.03165207299999,보안등
670,역삼1동 637-17,서울특별시 강남구 역삼1동 637-17,37.501082918099996,127.032185771,보안등
671,역삼1동 637-14,서울특별시 강남구 역삼1동 637-14,37.5013459363,127.032461827,보안등
672,역삼1동 637-18,서울특별시 강남구 역삼1동 637-18,37.500917111999996,127.032262601,보안등
673,역삼1동 647-1,서울특별시 강남구 역삼1동 647-1,37.5005998523,127.032646973,보안등
674,역삼1동 647-2,서울특별시 강남구 역삼1동 647-2,37.5006538575,127.03284603600001,보안등
675,역삼1동 637-34,서울특별시 강남구 역삼1동 637-34,37.5009348676,127.033217097,보안등
676,역삼1동 637-46,서울특별시 강남구 역삼1동 637-46,37.501219704200004,127.03279199999999,보안등
677,역삼1동 637-44,서울특별시 강남구 역삼1동 637-44,37.5014143391,127.03272875299999,보안등
678,역삼1동 637-27,서울특별시 강남구 역삼1동 637-27,37.5016161292,127.032855504,보안등
679,역삼1동 637-35,서울특별시 강남구 역삼1동 637-35,37.5008087306,127.03320347,보안등
680,역삼1동 636-25,서울특별시 강남구 역삼1동 636-25,37.500856104,127.031294517,보안등
681,역삼1동 648-2,서울특별시 강남구 역삼1동 648-2,37.5000307309,127.031488687,보안등
682,역삼1동 648,서울특별시 강남구 역삼1동 648,37.5000272704,127.030945855,보안등
683,역삼1동 678-23,서울특별시 강남구 역삼1동 678-23,37.501960494,127.038243386,보안등
684,역삼1동 668-17,서울특별시 강남구 역삼1동 668-17,37.5023610929,127.036497431,보안등
685,역삼1동 698-27,서울특별시 강남구 역삼1동 698-27,37.505512193499996,127.04362865899999,보안등
686,역삼1동 700-28,서울특별시 강남구 역삼1동 700-28,37.5046689494,127.043365784,보안등
687,역삼1동 699-14,서울특별시 강남구 역삼1동 699-14,37.5050402496,127.04313075600001,보안등
688,역삼1동 700-21,서울특별시 강남구 역삼1동 700-21,37.5047628059,127.04294964200001,보안등
689,역삼1동 700-25,서울특별시 강남구 역삼1동 700-25,37.5046149752,127.043130512,보안등
690,역삼1동 699-13,서울특별시 강남구 역삼1동 699-13,37.5051843955,127.043171554,보안등
691,역삼1동 691-25,서울특별시 강남구 역삼1동 691-25,37.505548423,127.04311295299999,보안등
692,역삼1동 691-9,서울특별시 강남구 역삼1동 691-9,37.505602587,127.042827977,보안등
693,역삼1동 699-4,서울특별시 강남구 역삼1동 699-4,37.5052818963,127.04264231399999,보안등
694,역삼1동 699-8,서울특별시 강남구 역삼1동 699-8,37.5051016397,127.042796023,보안등
695,역삼1동 700-15,서울특별시 강남구 역삼1동 700-15,37.504766524699996,127.042632973,보안등
696,역삼1동 700-13,서울특별시 강남구 역삼1동 700-13,37.5049648207,127.042424987,보안등
697,역삼1동 689-18,서울특별시 강남구 역삼1동 689-18,37.505483853200005,127.042275991,보안등
698,역삼1동 691-6,서울특별시 강남구 역삼1동 691-6,37.5059414091,127.042706024,보안등
699,역삼1동 691-4,서울특별시 강남구 역삼1동 691-4,37.506236907600005,127.04279214799999,보안등
700,역삼1동 690-45,서울특별시 강남구 역삼1동 690-45,37.5062946651,127.042534315,보안등
701,역삼1동 691-2,서울특별시 강남구 역삼1동 691-2,37.5065396141,127.04287827600001,보안등
702,역삼1동 691-1,서울특별시 강남구 역삼1동 691-1,37.5066909665,127.042923602,보안등
703,역삼1동 690-33,서울특별시 강남구 역삼1동 690-33,37.5070802907,127.042675005,보안등
704,역삼1동 685-3,서울특별시 강남구 역삼1동 685-3,37.5076571077,127.04219126,보안등
705,역삼1동 685-4,서울특별시 강남구 역삼1동 685-4,37.5077003041,127.042336054,보안등
706,역삼1동830-27,서울특별시 강남구 역삼1동830-27,37.4941308608,127.03178474299999,보안등
707,역삼1동830-28,서울특별시 강남구 역삼1동830-28,37.4942606471,127.03163100799999,보안등
708,역삼1동830-35,서울특별시 강남구 역삼1동830-35,37.4945958651,127.031468312,보안등
709,역삼1동830-34,서울특별시 강남구 역삼1동830-34,37.4946318583,127.031644734,보안등
710,역삼1동830-8,서울특별시 강남구 역삼1동830-8,37.4948626052,127.031310109,보안등
711,역삼1동830-6,서울특별시 강남구 역삼1동830-6,37.4950824233,127.031414236,보안등
712,역삼1동 647-11,서울특별시 강남구 역삼1동 647-11,37.5003582162,127.03324398299999,보안등
713,역삼1동 647-6,서울특별시 강남구 역삼1동 647-6,37.500480850500004,127.03289572,보안등
714,역삼1동 636-21,서울특별시 강남구 역삼1동 636-21,37.5006686129,127.031602045,보안등
715,역삼1동 636-11,서울특별시 강남구 역삼1동 636-11,37.501079468,127.031615789,보안등
716,역삼1동 636-2,서울특별시 강남구 역삼1동 636-2,37.5010975544,127.031366996,보안등
717,역삼1동 636-1,서울특별시 강남구 역삼1동 636-1,37.5010543469,127.031213174,보안등
718,역삼1동 685-11,서울특별시 강남구 역삼1동 685-11,37.5077974938,127.042666365,보안등
719,역삼1동 685-12,서울특별시 강남구 역삼1동 685-12,37.5079272597,127.042607626,보안등
720,역삼1동 685-19,서울특별시 강남구 역삼1동 685-19,37.5079739808,127.042969578,보안등
721,역삼1동 685-24,서울특별시 강남구 역삼1동 685-24,37.5082514408,127.043105459,보안등
722,역삼1동 684-18,서울특별시 강남구 역삼1동 684-18,37.5085615244,127.04272561299999,보안등
723,역삼1동 828-1,서울특별시 강남구 역삼1동 828-1,37.4973670548,127.032600331,보안등
724,역삼1동 705-22,서울특별시 강남구 역삼1동 705-22,37.5050995242,127.048283503,보안등
725,역삼1동 694-35,서울특별시 강남구 역삼1동 694-35,37.507681061199996,127.045620502,보안등
726,역삼1동825-25,서울특별시 강남구 역삼1동825-25,37.496974915500004,127.029958494,보안등
727,역삼1동826-26,서울특별시 강남구 역삼1동826-26,37.4965533254,127.029637165,보안등
728,역삼1동826-8,서울특별시 강남구 역삼1동826-8,37.4959442755,127.029514795,보안등
729,역삼1동826-41,서울특별시 강남구 역삼1동826-41,37.4958540576,127.02998066299999,보안등
730,역삼1동826-34,서울특별시 강남구 역삼1동826-34,37.4959585017,127.030265675,보안등
731,역삼1동831-24,서울특별시 강남구 역삼1동831-24,37.494862854299996,127.030355698,보안등
732,역삼1동831-26,서울특별시 강남구 역삼1동831-26,37.494970882800004,127.030713081,보안등
733,역삼1동831-3,서울특별시 강남구 역삼1동831-3,37.4947872438,127.030066178,보안등
734,역삼1동831-32,서울특별시 강남구 역삼1동831-32,37.4944411342,127.030545504,보안등
735,역삼1동831-30,서울특별시 강남구 역삼1동831-30,37.494700611199995,127.030595365,보안등
736,역삼1동831-34,서울특별시 강남구 역삼1동831-34,37.4945023132,127.030889296,보안등
737,역삼1동831-7,서울특별시 강남구 역삼1동831-7,37.4942177369,127.030341867,보안등
738,역삼1동831-48,서울특별시 강남구 역삼1동831-48,37.4942789084,127.030717321,보안등
739,역삼1동831-46,서울특별시 강남구 역삼1동831-46,37.4939256889,127.030812164,보안등
740,역삼1동820-1,서울특별시 강남구 역삼1동820-1,37.4996100446,127.027548488,보안등
741,역삼1동817-10,서울특별시 강남구 역삼1동817-10,37.5000064577,127.02767529399999,보안등
742,역삼1동619-26,서울특별시 강남구 역삼1동619-26,37.5009075604,127.02725945200001,보안등
743,역삼1동817,서울특별시 강남구 역삼1동817,37.5005507275,127.02740860200001,보안등
744,역삼1동619-18,서울특별시 강남구 역삼1동619-18,37.5011058046,127.027160004,보안등
745,역삼1동619-16,서울특별시 강남구 역삼1동619-16,37.501462643400004,127.02698371,보안등
746,역삼1동813-17,서울특별시 강남구 역삼1동813-17,37.502093419299996,127.026667277,보안등
747,역삼1동601-11,서울특별시 강남구 역삼1동601-11,37.5040830502,127.02571798,보안등
748,역삼1동 668-18,서울특별시 강남구 역삼1동 668-18,37.5024150944,127.036687454,보안등
749,역삼1동 669-16,서울특별시 강남구 역삼1동 669-16,37.502587924699995,127.03720776899999,보안등
750,역삼1동 669-18,서울특별시 강남구 역삼1동 669-18,37.5026995435,127.03754258200001,보안등
751,역삼1동 678,서울특별시 강남구 역삼1동 678,37.502569673,127.037936082,보안등
752,역삼1동 670-22,서울특별시 강남구 역삼1동 670-22,37.5028363488,127.038004073,보안등
753,역삼1동 678-1,서울특별시 강남구 역삼1동 678-1,37.5026380824,127.038144209,보안등
754,역삼1동 678-2,서울특별시 강남구 역삼1동 678-2,37.502710094,127.038356862,보안등
755,역삼1동 671-19,서울특별시 강남구 역삼1동 671-19,37.503012777399995,127.038524396,보안등
756,역삼1동 678-4,서울특별시 강남구 역삼1동 678-4,37.5028469095,127.03877764100001,보안등
757,역삼1동 678-5,서울특별시 강남구 역삼1동 678-5,37.502915315900005,127.038990293,보안등
758,역삼1동 671,서울특별시 강남구 역삼1동 671,37.5040689475,127.03793231700001,보안등
759,역삼1동 672-31,서울특별시 강남구 역삼1동 672-31,37.5032612046,127.03928451899999,보안등
760,역삼1동 696-27,서울특별시 강남구 역삼1동 696-27,37.5065019736,127.047081029,보안등
761,역삼1동 677-1,서울특별시 강남구 역삼1동 677-1,37.5030809159,127.039546803,보안등
762,역삼1동 677-2,서울특별시 강남구 역삼1동 677-2,37.5031385196,127.039727784,보안등
763,역삼1동 673-27,서울특별시 강남구 역삼1동 673-27,37.5034448264,127.039831994,보안등
764,역삼1동 677-3,서울특별시 강남구 역삼1동 677-3,37.5031997254,127.03991329200001,보안등
765,역삼1동 677-5,서울특별시 강남구 역삼1동 677-5,37.5033365384,127.040325029,보안등
766,역삼1동 676,서울특별시 강남구 역삼1동 676,37.5032099935,127.041492096,보안등
767,역삼1동 674-20,서울특별시 강남구 역삼1동 674-20,37.5039489995,127.040972265,보안등
768,역삼1동 677-7,서울특별시 강남구 역삼1동 677-7,37.503087908699996,127.04018465799999,보안등
769,역삼1동 683-42,서울특별시 강남구 역삼1동 683-42,37.5087378373,127.043503861,보안등
770,역삼1동 793-3,서울특별시 강남구 역삼1동 793-3,37.4930087227,127.036248629,보안등
771,역삼1동823-33,서울특별시 강남구 역삼1동823-33,37.4980624616,127.03321130100001,보안등
772,역삼1동741,서울특별시 강남구 역삼1동741,37.4977703091,127.034007299,보안등
773,역삼1동741-2,서울특별시 강남구 역삼1동741-2,37.4974495703,127.03393930200001,보안등
774,역삼1동740-1,서울특별시 강남구 역삼1동740-1,37.4982024732,127.035097653,보안등
775,역삼1동736-24,서울특별시 강남구 역삼1동736-24,37.498544873,127.035039008,보안등
776,역삼1동736-22,서울특별시 강남구 역삼1동736-22,37.4987467853,127.034745074,보안등
777,역삼1동736-17,서울특별시 강남구 역삼1동736-17,37.4991865386,127.03453267200001,보안등
778,역삼1동736-16,서울특별시 강남구 역삼1동736-16,37.4994388743,127.034347322,보안등
779,역삼1동735-32,서울특별시 강남구 역삼1동735-32,37.4990857377,127.034148125,보안등
780,역삼1동735-31,서울특별시 강남구 역삼1동735-31,37.499056986199996,127.03386765299999,보안등
781,역삼1동735-29,서울특별시 강남구 역삼1동735-29,37.4989200346,127.03386306799999,보안등
782,역삼1동735-41,서울특별시 강남구 역삼1동735-41,37.498667793,127.033722725,보안등
783,역삼1동735-23,서울특별시 강남구 역삼1동735-23,37.4984297973,127.03417496700001,보안등
784,역삼1동741-11,서울특별시 강남구 역삼1동741-11,37.4979828352,127.03439189,보안등
785,역삼1동741-5,서울특별시 강남구 역삼1동741-5,37.4974350352,127.034350928,보안등
786,역삼1동741-19,서울특별시 강남구 역삼1동741-19,37.4973196006,127.034712749,보안등
787,역삼1동741-9,서울특별시 강남구 역삼1동741-9,37.4972764949,127.034224199,보안등
788,역삼1동741-20,서울특별시 강남구 역삼1동741-20,37.4971826517,127.034699115,보안등
789,역삼1동741-33,서울특별시 강남구 역삼1동741-33,37.4968763413,127.03459041200001,보안등
790,역삼1동736-28,서울특별시 강남구 역삼1동736-28,37.4988187588,127.035106988,보안등
791,역삼1동736-42,서울특별시 강남구 역삼1동736-42,37.499125028,127.03535140299999,보안등
792,역삼1동 645-7,서울특별시 강남구 역삼1동 645-7,37.501752733400004,127.03408600799999,보안등
793,역삼1동 644-2,서울특별시 강남구 역삼1동 644-2,37.5012697289,127.03431197200001,보안등
794,역삼1동 644-24,서울특별시 강남구 역삼1동 644-24,37.5011147493,127.034334519,보안등
795,역삼1동 644-17,서울특별시 강남구 역삼1동 644-17,37.5010209668,127.03460137100001,보안등
796,역삼1동 646-11,서울특별시 강남구 역삼1동 646-11,37.5007939372,127.034519841,보안등
797,역삼1동 646-6,서울특별시 강남구 역삼1동 646-6,37.5006606397,127.03434335799999,보안등
798,역삼1동 646-22,서울특별시 강남구 역삼1동 646-22,37.500692992800005,127.034628362,보안등
799,역삼1동 646-4,서울특별시 강남구 역삼1동 646-4,37.5006606922,127.03416241299999,보안등
800,역삼1동 645-29,서울특별시 강남구 역삼1동 645-29,37.501024769000004,127.033918302,보안등
801,역삼1동 644-16,서울특별시 강남구 역삼1동 644-16,37.501129069,127.03466475200001,보안등
802,역삼1동 644-12,서울특별시 강남구 역삼1동 644-12,37.5014569965,127.03479609,보안등
803,역삼1동 645-13,서울특별시 강남구 역삼1동 645-13,37.501323968899996,127.033687731,보안등
804,역삼1동 645,서울특별시 강남구 역삼1동 645,37.501554708600004,127.033398319,보안등
805,역삼1동 638-19,서울특별시 강남구 역삼1동 638-19,37.5018394838,127.03319488,보안등
806,역삼1동 638-15,서울특별시 강남구 역삼1동 638-15,37.502005265,127.033208524,보안등
807,역삼1동 638-14,서울특별시 강남구 역삼1동 638-14,37.5019440334,127.03307731,보안등
808,역삼1동 638-5,서울특별시 강남구 역삼1동 638-5,37.5022900018,127.03314079399999,보안등
809,역삼1동 638-7,서울특별시 강남구 역삼1동 638-7,37.502372796100005,127.033489158,보안등
810,역삼1동 631-16,서울특별시 강남구 역삼1동 631-16,37.5022361299,127.03246221299999,보안등
811,역삼1동 631-4,서울특별시 강남구 역삼1동 631-4,37.502441554200004,127.032480396,보안등
812,역삼1동 638-4,서울특별시 강남구 역삼1동 638-4,37.502419725,127.033217755,보안등
813,역삼1동 629-23,서울특별시 강남구 역삼1동 629-23,37.5028341978,127.033181749,보안등
814,역삼1동 697-5,서울특별시 강남구 역삼1동 697-5,37.5060700664,127.04561499799999,보안등
815,역삼1동 697-4,서울특별시 강남구 역삼1동 697-4,37.506214309099995,127.045402459,보안등
816,역삼1동 697-3,서울특별시 강남구 역삼1동 697-3,37.5063405278,127.04519895700001,보안등
817,역삼1동 697-1,서울특별시 강남구 역삼1동 697-1,37.506549692,127.04485526100001,보안등
818,역삼1동 698-24,서울특별시 강남구 역삼1동 698-24,37.5066831912,127.04445723,보안등
819,역삼1동 693-34,서울특별시 강남구 역삼1동 693-34,37.507220058499996,127.04480589799999,보안등
820,역삼1동 695-20,서울특별시 강남구 역삼1동 695-20,37.5071082392,127.045054652,보안등
821,역삼1동 697-18,서울특별시 강남구 역삼1동 697-18,37.5057672832,127.04573243600001,보안등
822,역삼1동 697-16,서울특별시 강남구 역삼1동 697-16,37.5055797371,127.046085187,보안등
823,역삼1동 697-14,서울특별시 강남구 역삼1동 697-14,37.5053994032,127.046424369,보안등
824,역삼1동 697-54,서울특별시 강남구 역삼1동 697-54,37.505204811,127.04636091399999,보안등
825,역삼1동 697-42,서울특별시 강남구 역삼1동 697-42,37.5054716693,127.045949403,보안등
826,역삼1동 704-37,서울특별시 강남구 역삼1동 704-37,37.5053529013,127.04552408299999,보안등
827,역삼1동 697-35,서울특별시 강남구 역삼1동 697-35,37.5057458888,127.045135264,보안등
828,역삼1동 697-36,서울특별시 강남구 역삼1동 697-36,37.505731349499996,127.04545645399999,보안등
829,역삼1동 697-34,서울특별시 강남구 역삼1동 697-34,37.5059332598,127.045234903,보안등
830,역삼1동741-26,서울특별시 강남구 역삼1동741-26,37.497092721,127.034115554,보안등
831,역삼1동741-32,서울특별시 강남구 역삼1동741-32,37.4967863172,127.034328014,보안등
832,역삼1동828-35,서울특별시 강남구 역삼1동828-35,37.4967107853,127.03379874299999,보안등
833,역삼1동741-40,서울특별시 강남구 역삼1동741-40,37.49649437,127.03440025399999,보안등
834,역삼1동741-17,서울특별시 강남구 역삼1동741-17,37.4974997379,127.034929957,보안등
835,역삼1동740-5,서울특별시 강남구 역삼1동740-5,37.4979970666,127.035020658,보안등
836,역삼1동741-12,서울특별시 강남구 역삼1동741-12,37.4980620484,127.034649764,보안등
837,역삼1동 697-32,서울특별시 강남구 역삼1동 697-32,37.505825427800005,127.04447481700001,보안등
838,역삼1동 697-53,서울특별시 강남구 역삼1동 697-53,37.5058253595,127.04465577399999,보안등
839,역삼1동 697-52,서울특별시 강남구 역삼1동 697-52,37.5057928565,127.04483218799999,보안등
840,역삼1동 645-16,서울특별시 강남구 역삼1동 645-16,37.5011328935,127.03390478,보안등
841,역삼1동 645-14,서울특별시 강남구 역삼1동 645-14,37.501446455199996,127.033864209,보안등
842,역삼1동 645-21,서울특별시 강남구 역삼1동 645-21,37.5007797536,127.033714628,보안등
843,역삼1동 645-18,서울특별시 강남구 역삼1동 645-18,37.5010753093,127.033624288,보안등
844,역삼1동 637-31,서울특별시 강남구 역삼1동 637-31,37.5011691418,127.03317196399999,보안등
845,역삼1동 645-11,서울특별시 강남구 역삼1동 645-11,37.5013853208,127.03339372,보안등
846,역삼1동 697-20,서울특별시 강남구 역삼1동 697-20,37.5060377486,127.045307349,보안등
847,역삼1동 697-23,서울특별시 강남구 역삼1동 697-23,37.5062505102,127.04498175299999,보안등
848,역삼1동 697-27,서울특별시 강남구 역삼1동 697-27,37.5062542036,127.04474650899999,보안등
849,역삼1동 697-25,서울특별시 강남구 역삼1동 697-25,37.5064488669,127.04462447799999,보안등
850,역삼1동 698-17,서울특별시 강남구 역삼1동 698-17,37.5064093452,127.04429872799999,보안등
851,역삼1동 697-26,서울특별시 강남구 역삼1동 697-26,37.506283099,127.04457914,보안등
852,역삼1동 698-21,서울특별시 강남구 역삼1동 698-21,37.506135439699996,127.04429856700001,보안등
853,역삼1동736-40,서울특별시 강남구 역삼1동736-40,37.499348509899995,127.03524294299999,보안등
854,역삼1동736-51,서울특별시 강남구 역삼1동736-51,37.4994061148,127.03544200600001,보안등
855,역삼1동736-9,서울특별시 강남구 역삼1동736-9,37.499795329,127.03551004399999,보안등
856,역삼1동736-38,서울특별시 강남구 역삼1동736-38,37.4994386536,127.03509823200001,보안등
857,역삼1동736-36,서울특별시 강남구 역삼1동736-36,37.4993270279,127.03476343700001,보안등
858,역삼1동824-5,서울특별시 강남구 역삼1동824-5,37.4980884449,127.03040676200001,보안등
859,역삼1동824-7,서울특별시 강남구 역삼1동824-7,37.4978469694,127.03042928100001,보안등
860,역삼1동824-9,서울특별시 강남구 역삼1동824-9,37.4975405875,127.030582954,보안등
861,역삼1동827-44,서울특별시 강남구 역삼1동827-44,37.4969710608,127.030931023,보안등
862,역삼1동824-25,서울특별시 강남구 역삼1동824-25,37.4975836976,127.03111221399999,보안등
863,역삼1동827-45,서울특별시 강남구 역삼1동827-45,37.497032271,127.031152696,보안등
864,역삼1동827-38,서울특별시 강남구 역삼1동827-38,37.4967259562,127.03104853,보안등
865,역삼1동827-57,서울특별시 강남구 역삼1동827-57,37.4968159008,127.031636609,보안등
866,역삼1동827-82,서울특별시 강남구 역삼1동827-82,37.496437536,127.03141932700001,보안등
867,역삼1동827-55,서울특별시 강남구 역삼1동827-55,37.4966429414,127.031509881,보안등
868,역삼1동827-75,서울특별시 강남구 역삼1동827-75,37.4960806904,127.03159558799999,보안등
869,역삼1동827-27,서울특별시 강남구 역삼1동827-27,37.4958393037,127.03128337700001,보안등
870,역삼1동827-76,서울특별시 강남구 역삼1동827-76,37.4961274991,127.031758449,보안등
871,역삼1동827-73,서울특별시 강남구 역삼1동827-73,37.4959508786,127.03184431700001,보안등
872,역삼1동827-72,서울특별시 강남구 역삼1동827-72,37.49579949,127.031916627,보안등
873,역삼1동827-68,서울특별시 강남구 역삼1동827-68,37.495734516700004,127.03228751200001,보안등
874,역삼1동827-71,서울특별시 강남구 역삼1동827-71,37.4957490787,127.031749242,보안등
875,역삼1동 630-5,서울특별시 강남구 역삼1동 630-5,37.502812793400004,127.032390082,보안등
876,역삼1동 631-1,서울특별시 강남구 역삼1동 631-1,37.5025100741,127.032322095,보안등
877,역삼1동 631-15,서울특별시 강남구 역삼1동 631-15,37.5021965241,127.03232196,보안등
878,역삼1동 632-14,서울특별시 강남구 역삼1동 632-14,37.5022723095,127.031951048,보안등
879,역삼1동 632-13,서울특별시 강남구 역삼1동 632-13,37.5023984674,127.031887769,보안등
880,역삼1동 632-12,서울특별시 강남구 역삼1동 632-12,37.5025606691,127.031810935,보안등
881,역삼1동 630-1,서울특별시 강남구 역삼1동 630-1,37.5026615047,127.032095973,보안등
882,역삼1동 630,서울특별시 강남구 역삼1동 630,37.5028309158,127.03201461799999,보안등
883,역삼1동 625-10,서울특별시 강남구 역삼1동 625-10,37.5031444473,127.032082609,보안등
884,역삼1동 625-11,서울특별시 강남구 역삼1동 625-11,37.5031948581,127.03225001,보안등
885,역삼1동 625-15,서울특별시 강남구 역삼1동 625-15,37.5032488701,127.032426461,보안등
886,역삼1동 624-29,서울특별시 강남구 역삼1동 624-29,37.5031986888,127.031408589,보안등
887,역삼1동 624-28,서울특별시 강남구 역삼1동 624-28,37.5033861015,127.031395096,보안등
888,역삼1동 633-28,서울특별시 강남구 역삼1동 633-28,37.5022724851,127.031295108,보안등
889,역삼1동 633-16,서울특별시 강남구 역삼1동 633-16,37.501894003800004,127.031516611,보안등
890,역삼1동 633-15,서울특별시 강남구 역삼1동 633-15,37.5018291663,127.03138539700001,보안등
891,역삼1동 633-14,서울특별시 강남구 역삼1동 633-14,37.501767947,127.0311999,보안등
892,역삼1동 636-33,서울특별시 강남구 역삼1동 636-33,37.5012814349,127.03108208200001,보안등
893,역삼1동 636,서울특별시 강남구 역삼1동 636,37.5013138186,127.03128113700001,보안등
894,역삼1동 633-7,서울특별시 강남구 역삼1동 633-7,37.5027410986,127.030951499,보안등
895,역삼1동 637-7,서울특별시 강남구 역삼1동 637-7,37.5017316163,127.03228104700001,보안등
896,역삼1동 697-50,서울특별시 강남구 역삼1동 697-50,37.5057639589,127.04500408,보안등
897,역삼1동 704-46,서울특별시 강남구 역삼1동 704-46,37.5050753481,127.04563701200001,보안등
898,역삼1동 704-62,서울특별시 강남구 역삼1동 704-62,37.5048230002,127.045808765,보안등
899,역삼1동 704-21,서울특별시 강남구 역삼1동 704-21,37.5052414654,127.04476852399999,보안등
900,역삼1동 704-28,서울특별시 강남구 역삼1동 704-28,37.5048954434,127.044863319,보안등
901,역삼1동 703-6,서울특별시 강남구 역삼1동 703-6,37.5045244275,127.044338329,보안등
902,역삼1동 704-16,서울특별시 강남구 역삼1동 704-16,37.504956835,127.044537636,보안등
903,역삼1동 704-15,서울특별시 강남구 역삼1동 704-15,37.505111792600005,127.04457844299999,보안등
904,역삼1동 704-13,서울특별시 강남구 역삼1동 704-13,37.5054253081,127.044669108,보안등
905,역삼1동 704-11,서울특별시 강남구 역삼1동 704-11,37.5056199782,127.044528982,보안등
906,역삼1동 698-31,서울특별시 강남구 역삼1동 698-31,37.5055768895,127.044103708,보안등
907,역삼1동 698-29,서울특별시 강남구 역삼1동 698-29,37.5053570679,127.044040244,보안등
908,역삼1동 704-5,서울특별시 강남구 역삼1동 704-5,37.5048632732,127.044157575,보안등
909,역삼1동 703-1,서울특별시 강남구 역삼1동 703-1,37.5044236316,127.044026124,보안등
910,역삼1동 700-34,서울특별시 강남구 역삼1동 700-34,37.504600306,127.04381813,보안등
911,역삼1동 700-30,서울특별시 강남구 역삼1동 700-30,37.5047625573,127.04362822200001,보안등
912,역삼1동 699-25,서울특별시 강남구 역삼1동 699-25,37.5050652196,127.043831974,보안등
913,역삼1동 698-28,서울특별시 강남구 역삼1동 698-28,37.505472468899995,127.043845783,보안등
914,역삼1동830-11,서울특별시 강남구 역삼1동830-11,37.4950318469,127.03186202,보안등
915,역삼1동830-12,서울특별시 강남구 역삼1동830-12,37.494891296,127.03183934399999,보안등
916,역삼1동830-65,서울특별시 강남구 역삼1동830-65,37.495183115500005,127.032232995,보안등
917,역삼1동830-60,서울특별시 강남구 역삼1동830-60,37.494750577800005,127.03243183299999,보안등
918,역삼1동 629-22,서울특별시 강남구 역삼1동 629-22,37.5028810042,127.033344625,보안등
919,역삼1동 630-11,서울특별시 강남구 역삼1동 630-11,37.502845102100004,127.03285151899999,보안등
920,역삼1동 631-18,서울특별시 강남구 역삼1동 631-18,37.502531571,127.032783526,보안등
921,역삼1동740-12,서울특별시 강남구 역삼1동740-12,37.4977483041,127.03530551899999,보안등
922,역삼1동744,서울특별시 강남구 역삼1동744,37.4973516193,127.036105979,보안등
923,역삼1동743-6,서울특별시 강남구 역삼1동743-6,37.4973156809,127.03577122799999,보안등
924,역삼1동743,서울특별시 강남구 역삼1동743,37.4972329338,127.035287183,보안등
925,역삼1동741-22,서울특별시 강남구 역삼1동741-22,37.4973267206,127.03501129799999,보안등
926,역삼1동743-1,서울특별시 강남구 역삼1동743-1,37.497045550100005,127.03520115,보안등
927,역삼1동740-23,서울특별시 강남구 역삼1동740-23,37.4980114384,127.035169939,보안등
928,역삼1동742-2,서울특별시 강남구 역삼1동742-2,37.4966779866,127.035042659,보안등
929,역삼1동742-1,서울특별시 강남구 역삼1동742-1,37.4966382939,127.03520548200001,보안등
930,역삼1동 625-5,서울특별시 강남구 역삼1동 625-5,37.503479622600004,127.03207822799999,보안등
931,역삼1동 625-12,서울특별시 강남구 역삼1동 625-12,37.5035516389,127.032313497,보안등
932,역삼1동 626-21,서울특별시 강남구 역삼1동 626-21,37.503706482199995,127.03278404,보안등
933,역삼1동 662-3,서울특별시 강남구 역삼1동 662-3,37.5064685722,127.03991503200001,보안등
934,역삼1동 661-33,서울특별시 강남구 역삼1동 661-33,37.506328161300004,127.03948065600001,보안등
935,역삼1동 663-16,서울특별시 강남구 역삼1동 663-16,37.506007321700004,127.03972478,보안등
936,역삼1동 661-27,서울특별시 강남구 역삼1동 661-27,37.506245359299996,127.039209175,보안등
937,역삼1동 663-9,서울특별시 강남구 역삼1동 663-9,37.5059426756,127.039046155,보안등
938,역삼1동 663-18,서울특별시 강남구 역삼1동 663-18,37.506064915799996,127.03993291299999,보안등
939,역삼1동738-6,서울특별시 강남구 역삼1동738-6,37.4990020435,127.03681696700001,보안등
940,역삼1동739-1,서울특별시 강남구 역삼1동739-1,37.4990201786,127.03644604600001,보안등
941,역삼1동739-2,서울특별시 강남구 역삼1동739-2,37.4988796579,127.03632836700001,보안등
942,역삼1동739-20,서울특별시 강남구 역삼1동739-20,37.4976469948,127.03660822299999,보안등
943,역삼1동738,서울특별시 강남구 역삼1동738,37.498573267,127.036486541,보안등
944,역삼1동739-6,서울특별시 강남구 역삼1동739-6,37.4985986036,127.03613372,보안등
945,역삼1동739,서울특별시 강남구 역삼1동739,37.4991139417,127.036256104,보안등
946,역삼1동736-55,서울특별시 강남구 역삼1동736-55,37.4996366536,127.035835665,보안등
947,역삼1동739-3,서울특별시 강남구 역삼1동739-3,37.4989806289,127.03613842799999,보안등
948,역삼1동736-46,서울특별시 강남구 역삼1동736-46,37.499020391500004,127.035749423,보안등
949,역삼1동739-8,서울특별시 강남구 역삼1동739-8,37.498530251,127.035726572,보안등
950,역삼1동739-12,서울특별시 강남구 역삼1동739-12,37.4981914329,127.03585759200001,보안등
951,역삼1동740-4,서울특별시 강남구 역삼1동740-4,37.4981086673,127.035436869,보안등
952,역삼1동740-17,서울특별시 강남구 역삼1동740-17,37.4976724889,127.03573973399999,보안등
953,역삼1동740-11,서울특별시 강남구 역삼1동740-11,37.4977698658,127.03551360799999,보안등
954,역삼1동742-3,서울특별시 강남구 역삼1동742-3,37.4965554618,127.03500189100001,보안등
955,역삼1동742-8,서울특별시 강남구 역삼1동742-8,37.4963464081,127.03506964399999,보안등
956,역삼1동 610-5,서울특별시 강남구 역삼1동 610-5,37.5052995731,127.032373061,보안등
957,역삼1동 609-7,서울특별시 강남구 역삼1동 609-7,37.5049823982,127.03244983,보안등
958,역삼1동 626-10,서울특별시 강남구 역삼1동 626-10,37.5043950379,127.032101239,보안등
959,역삼1동 626-15,서울특별시 강남구 역삼1동 626-15,37.504171486,127.032476622,보안등
960,역삼1동 626-16,서울특별시 강남구 역삼1동 626-16,37.5040993694,127.03260778200001,보안등
961,역삼1동 626-6,서울특별시 강남구 역삼1동 626-6,37.5041641502,127.03293805,보안등
962,역삼1동 626-28,서울특별시 강남구 역삼1동 626-28,37.5040090834,127.033272745,보안등
963,역삼1동 608-26,서울특별시 강남구 역삼1동 608-26,37.504182042,127.033394965,보안등
964,역삼1동 608-33,서울특별시 강남구 역삼1동 608-33,37.5043621169,127.03383838299999,보안등
965,역삼1동 608-8,서울특별시 강남구 역삼1동 608-8,37.5044521876,127.033942472,보안등
966,역삼1동 608-7,서울특별시 강남구 역삼1동 608-7,37.504488288699996,127.033729867,보안등
967,역삼1동 608-5,서울특별시 강남구 역삼1동 608-5,37.5046505558,127.03342684100001,보안등
968,역삼1동 608-1,서울특별시 강남구 역삼1동 608-1,37.5046578872,127.03298803,보안등
969,역삼1동 608-29,서울특별시 강남구 역삼1동 608-29,37.5045497146,127.03317346,보안등
970,역삼1동 626-27,서울특별시 강남구 역삼1동 626-27,37.5038613465,127.033173156,보안등
971,역삼1동 626-22,서울특별시 강남구 역삼1동 626-22,37.5037676964,127.03297859,보안등
972,역삼1동 626-17,서울특별시 강남구 역삼1동 626-17,37.503926386399996,127.032571516,보안등
973,역삼1동 625-1,서울특별시 강남구 역삼1동 625-1,37.5039481589,127.032028667,보안등
974,역삼1동 626-11,서울특별시 강남구 역삼1동 626-11,37.5042076325,127.032087588,보안등
975,역삼1동 625-20,서울특별시 강남구 역삼1동 625-20,37.5034075997,127.031865579,보안등
976,역삼1동 625-2,서울특별시 강남구 역삼1동 625-2,37.5038255717,127.032214091,보안등
977,역삼1동 625-3,서울특별시 강남구 역삼1동 625-3,37.5036164517,127.032530667,보안등
978,역삼1동 624-31,서울특별시 강남구 역삼1동 624-31,37.5033896549,127.031585097,보안등
979,역삼1동 625-9,서울특별시 강남구 역삼1동 625-9,37.5030868344,127.031892586,보안등
980,역삼1동 669-2,서울특별시 강남구 역삼1동 669-2,37.5037233121,127.036823809,보안등
981,역삼1동 669-3,서울특별시 강남구 역삼1동 669-3,37.5035971798,127.036796604,보안등
982,역삼1동 670,서울특별시 강남구 역삼1동 670,37.5038456998,127.037298869,보안등
983,역삼1동 666-12,서울특별시 강남구 역삼1동 666-12,37.5042892613,127.036444084,보안등
984,역삼1동 667-14,서울특별시 강남구 역삼1동 667-14,37.5039145154,127.036208663,보안등
985,역삼1동 669-10,서울특별시 강남구 역삼1동 669-10,37.5037196444,127.03702737799999,보안등
986,역삼1동 668-5,서울특별시 강남구 역삼1동 668-5,37.5035108442,127.036276325,보안등
987,역삼1동 668-7,서울특별시 강남구 역삼1동 668-7,37.5031539931,127.036448056,보안등
988,역삼1동 668-10,서울특별시 강남구 역삼1동 668-10,37.5032080003,127.036619985,보안등
989,역삼1동 668-12,서울특별시 강남구 역삼1동 668-12,37.502998943200005,127.03669678700001,보안등
990,역삼1동 669-9,서울특별시 강남구 역삼1동 669-9,37.5029231287,127.037112936,보안등
991,역삼1동 662,서울특별시 강남구 역삼1동 662,37.506706518200005,127.039675387,보안등
992,역삼1동 656-20,서울특별시 강남구 역삼1동 656-20,37.5071392459,127.03893820200001,보안등
993,역삼1동 655-23,서울특별시 강남구 역삼1동 655-23,37.5073375295,127.038748295,보안등
994,역삼1동 656-18,서울특별시 강남구 역삼1동 656-18,37.507042068000004,127.038540038,보안등
995,역삼1동 656-15,서울특별시 강남구 역삼1동 656-15,37.5069304624,127.038173537,보안등
996,역삼1동 655-17,서울특별시 강남구 역삼1동 655-17,37.507103534,127.03792932799999,보안등
997,역삼1동 656-17,서울특별시 강남구 역삼1동 656-17,37.5069952673,127.038381674,보안등
998,역삼1동742-17,서울특별시 강남구 역삼1동742-17,37.4961627996,127.034400102,보안등
999,역삼1동742-29,서울특별시 강남구 역삼1동742-29,37.4960043481,127.03396578799999,보안등
1000,역삼1동828-55,서울특별시 강남구 역삼1동828-55,37.4961810566,127.03357686,보안등
1001,역삼1동753-1,서울특별시 강남구 역삼1동753-1,37.495755766100004,127.033630949,보안등
1002,역삼1동752-25,서울특별시 강남구 역삼1동752-25,37.4954313274,127.03389767899999,보안등
1003,역삼1동 629-21,서울특별시 강남구 역삼1동 629-21,37.5030107656,127.033285873,보안등
1004,역삼1동 626-32,서울특별시 강남구 역삼1동 626-32,37.5035657159,127.033530405,보안등
1005,역삼1동 626-30,서울특별시 강남구 역삼1동 626-30,37.5037243479,127.033335952,보안등
1006,역삼1동 626-7,서울특별시 강남구 역삼1동 626-7,37.5040920318,127.033073733,보안등
1007,역삼1동 627-11,서울특별시 강남구 역삼1동 627-11,37.5038249596,127.03438552200001,보안등
1008,역삼1동 628-5,서울특별시 강남구 역삼1동 628-5,37.5036770795,127.034779025,보안등
1009,역삼1동 628-3,서울특별시 강남구 역삼1동 628-3,37.5039978601,127.034702269,보안등
1010,역삼1동 628-1,서울특별시 강남구 역삼1동 628-1,37.5042970349,127.034562168,보안등
1011,역삼1동 628,서울특별시 강남구 역삼1동 628,37.5044448196,127.034494379,보안등
1012,역삼1동 656-5,서울특별시 강남구 역삼1동 656-5,37.5065990754,127.037603346,보안등
1013,역삼1동 657-40,서울특별시 강남구 역삼1동 657-40,37.5064802346,127.037313752,보안등
1014,역삼1동 657-37,서울특별시 강남구 역삼1동 657-37,37.506465884,127.03710564200001,보안등
1015,역삼1동 657-38,서울특별시 강남구 역삼1동 657-38,37.5063253074,127.037168908,보안등
1016,역삼1동 660-28,서울특별시 강남구 역삼1동 660-28,37.5060188842,127.03742662100001,보안등
1017,역삼1동 656,서울특별시 강남구 역삼1동 656,37.5067072649,127.037386249,보안등
1018,역삼1동 656-1,서울특별시 강남구 역삼1동 656-1,37.5067540684,127.03754008799999,보안등
1019,역삼1동 655-13,서울특별시 강남구 역삼1동 655-13,37.506912748299996,127.037214439,보안등
1020,역삼1동 655-1,서울특별시 강남구 역삼1동 655-1,37.5070966229,127.03699285399999,보안등
1021,역삼1동 655-6,서울특별시 강남구 역삼1동 655-6,37.5071289467,127.03735026700001,보안등
1022,역삼1동 657-36,서울특별시 강남구 역삼1동 657-36,37.5066064664,127.03702428,보안등
1023,역삼1동742-26,서울특별시 강남구 역삼1동742-26,37.4956871873,127.033988261,보안등
1024,역삼1동742-25,서울특별시 강남구 역삼1동742-25,37.4957520154,127.034142084,보안등
1025,역삼1동750-3,서울특별시 강남구 역삼1동750-3,37.4957698881,127.034648705,보안등
1026,역삼1동750-7,서울특별시 강남구 역삼1동750-7,37.495903133,127.03500158700001,보안등
1027,역삼1동750-12,서울특별시 강남구 역삼1동750-12,37.4958490162,127.035191542,보안등
1028,역삼1동750-23,서울특별시 강남구 역삼1동750-23,37.4955319464,127.034906424,보안등
1029,역삼1동750-4,서울특별시 강남구 역삼1동750-4,37.4956653381,127.03476174,보안등
1030,역삼1동750-24,서울특별시 강남구 역삼1동750-24,37.4954274603,127.034802339,보안등
1031,역삼1동752-8,서울특별시 강남구 역삼1동752-8,37.4953698756,127.034530914,보안등
1032,역삼1동752-7,서울특별시 강남구 역삼1동752-7,37.4955032523,127.034435986,보안등
1033,역삼1동752-20,서울특별시 강남구 역삼1동752-20,37.4951717318,127.03426394899999,보안등
1034,역삼1동752-21,서울특별시 강남구 역삼1동752-21,37.4950960813,127.034146309,보안등
1035,역삼1동752-31,서울특별시 강남구 역삼1동752-31,37.4950132694,127.03386582700001,보안등
1036,역삼1동752-29,서울특별시 강남구 역삼1동752-29,37.495143039,127.033779943,보안등
1037,역삼1동752-32,서울특별시 강남구 역삼1동752-32,37.4949664688,127.033684875,보안등
1038,역삼1동752-49,서울특별시 강남구 역삼1동752-49,37.4946818021,127.033503816,보안등
1039,역삼1동752-37,서울특별시 강남구 역삼1동752-37,37.494728555100004,127.033852129,보안등
1040,역삼1동752-45,서울특별시 강남구 역삼1동752-45,37.4944943154,127.03377512799999,보안등
1041,역삼1동752-39,서울특별시 강남구 역삼1동752-39,37.4946383738,127.03413253,보안등
1042,역삼1동 626-24,서울특별시 강남구 역삼1동 626-24,37.5035658459,127.03306897700001,보안등
1043,역삼1동 626-25,서울특별시 강남구 역삼1동 626-25,37.5033532403,127.032955789,보안등
1044,역삼1동 607-16,서울특별시 강남구 역삼1동 607-16,37.5046430883,127.034331611,보안등
1045,역삼1동 608-15,서울특별시 강남구 역삼1동 608-15,37.505083001100004,127.03355822700001,보안등
1046,역삼1동 607-25,서울특별시 강남구 역삼1동 607-25,37.5052558608,127.034024266,보안등
1047,역삼1동 641-18,서울특별시 강남구 역삼1동 641-18,37.5027543091,127.035253591,보안등
1048,역삼1동 641-1,서울특별시 강남구 역삼1동 641-1,37.5029525708,127.035117971,보안등
1049,역삼1동 641-7,서울특별시 강남구 역삼1동 641-7,37.5028911452,127.035642699,보안등
1050,역삼1동 641-17,서울특별시 강남구 역삼1동 641-17,37.502581291700004,127.035334937,보안등
1051,역삼1동 643-7,서울특별시 강남구 역삼1동 643-7,37.502105604,127.03518995399999,보안등
1052,역삼1동 641-14,서울특별시 강남구 역삼1동 641-14,37.5021163077,127.035551856,보안등
1053,역삼1동 642-2,서울특별시 강남구 역삼1동 642-2,37.5013954308,127.035791269,보안등
1054,역삼1동 642-3,서울특별시 강남구 역삼1동 642-3,37.5012872689,127.035926927,보안등
1055,역삼1동 644-19,서울특별시 강남구 역삼1동 644-19,37.5011578158,127.03495427899999,보안등
1056,역삼1동 656-3,서울특별시 강남구 역삼1동 656-3,37.5068512947,127.037798005,보안등
1057,역삼1동 656-37,서울특별시 강남구 역삼1동 656-37,37.5067287276,127.037892947,보안등
1058,역삼1동 661-8,서울특별시 강남구 역삼1동 661-8,37.506270877,127.03832701600001,보안등
1059,역삼1동 661-17,서울특별시 강남구 역삼1동 661-17,37.506404116599995,127.038661858,보안등
1060,역삼1동 656-25,서울특별시 강남구 역삼1동 656-25,37.5069590822,127.03882500799999,보안등
1061,역삼1동 656-12,서울특별시 강남구 역삼1동 656-12,37.5064151619,127.037942552,보안등
1062,역삼1동 661,서울특별시 강남구 역삼1동 661,37.50617371,127.03788814200001,보안등
1063,역삼1동 657-32,서울특별시 강남구 역삼1동 657-32,37.5065632606,127.036888539,보안등
1064,역삼1동 657-30,서울특별시 강남구 역삼1동 657-30,37.5062245011,127.036829561,보안등
1065,역삼1동 660-21,서울특별시 강남구 역삼1동 660-21,37.5059109019,127.036987745,보안등
1066,역삼1동 657-23,서울특별시 강남구 역삼1동 657-23,37.505983115999996,127.036558006,보안등
1067,역삼1동 657-21,서울특별시 강남구 역삼1동 657-21,37.506264270100004,127.036426948,보안등
1068,역삼1동 658-19,서울특별시 강남구 역삼1동 658-19,37.5067363688,127.036517657,보안등
1069,역삼1동 658-17,서울특별시 강남구 역삼1동 658-17,37.5066283568,127.036164734,보안등
1070,역삼1동 658-15,서울특별시 강남구 역삼1동 658-15,37.5065275462,127.03582991100001,보안등
1071,역삼1동 651-18,서울특별시 강남구 역삼1동 651-18,37.5070466207,127.035513478,보안등
1072,역삼1동 651-13,서울특별시 강남구 역삼1동 651-13,37.5072662544,127.03621028200001,보안등
1073,역삼1동 651-12,서울특별시 강남구 역삼1동 651-12,37.5071584077,127.03530542600001,보안등
1074,역삼1동 658-26,서울특별시 강남구 역삼1동 658-26,37.5066574137,127.035422814,보안등
1075,역삼1동 659-12,서울특별시 강남구 역삼1동 659-12,37.5062466177,127.03521451799999,보안등
1076,역삼1동 659-11,서울특별시 강남구 역삼1동 659-11,37.5062034098,127.035078779,보안등
1077,역삼1동 659-13,서울특별시 강남구 역삼1동 659-13,37.5060664369,127.035146574,보안등
1078,역삼1동 659-15,서울특별시 강남구 역삼1동 659-15,37.5059222572,127.035209841,보안등
1079,역삼1동 659-19,서울특별시 강남구 역삼1동 659-19,37.5056050656,127.03533636200001,보안등
1080,역삼1동 659-14,서울특별시 강남구 역삼1동 659-14,37.5061096447,127.035282313,보안등
1081,역삼1동 659-20,서울특별시 강남구 역삼1동 659-20,37.505669899999994,127.035463063,보안등
1082,역삼1동 659-22,서울특별시 강남구 역삼1동 659-22,37.5055185108,127.03553085,보안등
1083,역삼1동 659-28,서울특별시 강남구 역삼1동 659-28,37.5053671174,127.03561220799999,보안등
1084,역삼1동 659-26,서울특별시 강남구 역삼1동 659-26,37.5050643332,127.035765877,보안등
1085,역삼1동 659-25,서울특별시 강남구 역삼1동 659-25,37.5050211287,127.03562109200001,보안등
1086,역삼1동 666-15,서울특별시 강남구 역삼1동 666-15,37.504750642800005,127.036227162,보안등
1087,역삼1동 667-5,서울특별시 강남구 역삼1동 667-5,37.5045020744,127.035869657,보안등
1088,역삼1동 667-19,서울특별시 강남구 역삼1동 667-19,37.5043830797,127.036073174,보안등
1089,역삼1동 666-1,서울특별시 강남구 역삼1동 666-1,37.504977678,127.036286082,보안등
1090,역삼1동750-8,서울특별시 강남구 역삼1동750-8,37.496011179899995,127.035250421,보안등
1091,역삼1동749-4,서울특별시 강남구 역삼1동749-4,37.4963030002,127.035603381,보안등
1092,역삼1동749,서울특별시 강남구 역삼1동749,37.496512006399996,127.03569394700001,보안등
1093,역삼1동744-6,서울특별시 강남구 역삼1동744-6,37.4966596905,127.03596089700001,보안등
1094,역삼1동749-26,서울특별시 강남구 역삼1동749-26,37.496392926300004,127.03617789100001,보안등
1095,역삼1동744-4,서울특별시 강남구 역삼1동744-4,37.496836294699996,127.035938365,보안등
1096,역삼1동744-3,서울특별시 강남구 역삼1동744-3,37.496998481300004,127.035920349,보안등
1097,역삼1동 606-16,서울특별시 강남구 역삼1동 606-16,37.5060993117,127.03364011299999,보안등
1098,역삼1동 609-10,서울특별시 강남구 역삼1동 609-10,37.5056272211,127.033513231,보안등
1099,역삼1동 609-12,서울특별시 강남구 역삼1동 609-12,37.5054867001,127.033386499,보안등
1100,역삼1동 607-4,서울특별시 강남구 역삼1동 607-4,37.5055874736,127.033875127,보안등
1101,역삼1동 609-14,서울특별시 강남구 역삼1동 609-14,37.505338971,127.033259764,보안등
1102,역삼1동 609-15,서울특별시 강남구 역삼1동 609-15,37.505238113000004,127.033065191,보안등
1103,역삼1동 609-17,서울특별시 강남구 역삼1동 609-17,37.5050831477,127.033037979,보안등
1104,역삼1동 609-21,서울특별시 강남구 역삼1동 609-21,37.5047300368,127.032739248,보안등
1105,역삼1동749-12,서울특별시 강남구 역삼1동749-12,37.4953226982,127.03562553200001,보안등
1106,역삼1동749-10,서울특별시 강남구 역삼1동749-10,37.495647070100006,127.03559402299999,보안등
1107,역삼1동749-8,서울특별시 강남구 역삼1동749-8,37.4958633226,127.035557938,보안등
1108,역삼1동 661-3,서울특별시 강남구 역삼1동 661-3,37.5058384838,127.03805083399999,보안등
1109,역삼1동 660-33,서울특별시 강남구 역삼1동 660-33,37.5057809138,127.037756749,보안등
1110,역삼1동 661-12,서울특별시 강남구 역삼1동 661-12,37.505950069200004,127.038480666,보안등
1111,역삼1동 663-2,서울특별시 강남구 역삼1동 663-2,37.5056726052,127.038340281,보안등
1112,역삼1동 663-5,서울특별시 강남구 역삼1동 663-5,37.505831076,127.038666086,보안등
1113,역삼1동 663-7,서울특별시 강남구 역삼1동 663-7,37.5058778748,127.038828972,보안등
1114,역삼1동 661-19,서울특별시 강남구 역삼1동 661-19,37.5061734252,127.03876579,보안등
1115,역삼1동 661-26,서울특별시 강남구 역삼1동 661-26,37.5063931751,127.039055437,보안등
1116,역삼1동744-12,서울특별시 강남구 역삼1동744-12,37.497174968,127.03628230700001,보안등
1117,역삼1동739-15,서울특별시 강남구 역삼1동739-15,37.4977192354,127.036088062,보안등
1118,역삼1동744-14,서울특별시 강남구 역삼1동744-14,37.4974127989,127.03639550700001,보안등
1119,역삼1동739-18,서울특별시 강남구 역삼1동739-18,37.4977911782,127.036535918,보안등
1120,역삼1동738-23,서울특별시 강남구 역삼1동738-23,37.4982019119,127.036938708,보안등
1121,역삼1동738-25,서울특별시 강남구 역삼1동738-25,37.498302688,127.037373011,보안등
1122,역삼1동739-13,서울특별시 강남구 역삼1동739-13,37.4982417775,127.036224018,보안등
1123,역삼1동738-18,서울특별시 강남구 역삼1동738-18,37.4983641466,127.036766895,보안등
1124,역삼1동738-17,서울특별시 강남구 역삼1동738-17,37.498421750300004,127.03696143299999,보안등
1125,역삼1동739-5,서울특별시 강남구 역삼1동739-5,37.4988040427,127.03610215399999,보안등
1126,역삼1동738-7,서울특별시 강남구 역삼1동738-7,37.4990884651,127.037056756,보안등
1127,역삼1동 610-1,서울특별시 강남구 역삼1동 610-1,37.5057031737,127.032554192,보안등
1128,역삼1동 605-11,서울특별시 강남구 역삼1동 605-11,37.506081525700004,127.032807698,보안등
1129,역삼1동 605-13,서울특별시 강남구 역삼1동 605-13,37.5063770942,127.032667584,보안등
1130,역삼1동 609-11,서울특별시 강남구 역삼1동 609-11,37.5056705269,127.033309674,보안등
1131,역삼1동 606-10,서울특별시 강남구 역삼1동 606-10,37.5062111171,127.03335515399999,보안등
1132,역삼1동 606-8,서울특별시 강남구 역삼1동 606-8,37.506495871700004,127.033224085,보안등
1133,역삼1동 606-13,서울특별시 강남구 역삼1동 606-13,37.5064922026,127.03345480600001,보안등
1134,역삼1동 606-15,서울특별시 강남구 역삼1동 606-15,37.5063011638,127.0335452,보안등
1135,역삼1동 607-1,서울특별시 강남구 역삼1동 607-1,37.5058649715,127.03391596799999,보안등
1136,역삼1동 623-3,서울특별시 강남구 역삼1동 623-3,37.5039451818,127.02962651600001,보안등
1137,역삼1동 626,서울특별시 강남구 역삼1동 626,37.504607669,127.03212395,보안등
1138,역삼1동 609-16,서울특별시 강남구 역삼1동 609-16,37.5051408625,127.032857049,보안등
1139,역삼1동 609-13,서울특별시 강남구 역삼1동 609-13,37.5054363215,127.03311051799999,보안등
1140,역삼1동 610-2,서울특별시 강남구 역삼1동 610-2,37.5056851086,127.032717046,보안등
1141,역삼1동 610-3,서울특별시 강남구 역삼1동 610-3,37.5055265692,127.032581259,보안등
1142,역삼1동 660-7,서울특별시 강남구 역삼1동 660-7,37.505478648,127.036250133,보안등
1143,역삼1동 660-27,서울특별시 강남구 역삼1동 660-27,37.5056549111,127.037322389,보안등
1144,역삼1동 657-5,서울특별시 강남구 역삼1동 657-5,37.506059051,127.035739208,보안등
1145,역삼1동 660-6,서울특별시 강남구 역삼1동 660-6,37.5056336445,127.03617330200001,보안등
1146,역삼1동 660-13,서울특별시 강남구 역삼1동 660-13,37.505777684099996,127.03656695299999,보안등
1147,역삼1동 657-18,서울특별시 강남구 역삼1동 657-18,37.506080491599995,127.036340904,보안등
1148,역삼1동 657-13,서울특별시 강남구 역삼1동 657-13,37.506159859099995,127.036083077,보안등
1149,역삼1동 657-7,서울특별시 강남구 역삼1동 657-7,37.5057778977,127.035870268,보안등
1150,역삼1동 660-12,서울특별시 강남구 역삼1동 660-12,37.5053163849,127.036516965,보안등
1151,역삼1동 660-11,서울특별시 강남구 역삼1동 660-11,37.5054533572,127.03645369700001,보안등
1152,역삼1동 660-22,서울특별시 강남구 역삼1동 660-22,37.505799161599995,127.037037453,보안등
1153,역삼1동 660-19,서울특별시 강남구 역삼1동 660-19,37.505615413200005,127.036856405,보안등
1154,역삼1동 660-29,서울특별시 강남구 역삼1동 660-29,37.5058747033,127.037489884,보안등
1155,역삼1동 661-1,서울특별시 강남구 역삼1동 661-1,37.5060619679,127.03794237299999,보안등
1156,역삼1동 741-15,서울특별시 강남구 역삼1동 741-15,37.497651175,127.034699332,보안등
1157,역삼1동 692-5,서울특별시 강남구 역삼1동 692-5,37.506935906100004,127.04329018700001,보안등
1158,역삼1동 696-42,서울특별시 강남구 역삼1동 696-42,37.5056655027,127.047921954,보안등
1159,역삼1동 696-19,서울특별시 강남구 역삼1동 696-19,37.5057557258,127.04761890799999,보안등
1160,역삼1동 696-20,서울특별시 강남구 역삼1동 696-20,37.505842267800006,127.047505865,보안등
1161,역삼1동751-1,서울특별시 강남구 역삼1동751-1,37.4947175652,127.03446728799999,보안등
1162,역삼1동752-19,서울특별시 강남구 역삼1동752-19,37.4949843198,127.03427291,보안등
1163,역삼1동752-15,서울특별시 강남구 역삼1동752-15,37.4950491026,127.03458052299999,보안등
1164,역삼1동752-11,서울특별시 강남구 역삼1동752-11,37.495294177800005,127.03457611200001,보안등
1165,역삼1동751-8,서울특별시 강남구 역삼1동751-8,37.495099313800004,127.03540830799999,보안등
1166,역삼1동750-20,서울특별시 강남구 역삼1동750-20,37.495351704899996,127.03504203899999,보안등
1167,역삼1동750-18,서울특별시 강남구 역삼1동750-18,37.4952146968,127.03522743,보안등
1168,역삼1동750-21,서울특별시 강남구 역삼1동750-21,37.4954526311,127.034996853,보안등
1169,역삼1동829-21,서울특별시 강남구 역삼1동829-21,37.495737851,127.03326002899999,보안등
1170,역삼1동829-3,서울특별시 강남구 역삼1동829-3,37.4958315174,127.03339577,보안등
1171,역삼1동828-78,서울특별시 강남구 역삼1동828-78,37.4963865144,127.03347743799999,보안등
1172,역삼1동828-12,서울특별시 강남구 역삼1동828-12,37.4965740472,127.033038754,보안등
1173,역삼1동828-13,서울특별시 강남구 역삼1동828-13,37.4967254366,127.032966446,보안등
1174,역삼1동828-16,서울특별시 강남구 역삼1동828-16,37.4970137725,127.03291681600001,보안등
1175,역삼1동828-44,서울특별시 강남구 역삼1동828-44,37.4972875796,127.03326976299999,보안등
1176,역삼1동828-18,서울특별시 강남구 역삼1동828-18,37.4971003344,127.032681636,보안등
1177,역삼1동828-21,서울특별시 강남구 역삼1동828-21,37.497579578,127.033012056,보안등
1178,역삼1동823-14,서울특별시 강남구 역삼1동823-14,37.4976086865,127.032007865,보안등
1179,역삼1동828-14,서울특별시 강남구 역삼1동828-14,37.4968371954,127.032844364,보안등
1180,역삼1동823-8,서울특별시 강남구 역삼1동823-8,37.498210470100005,127.032333812,보안등
1181,역삼1동735-10,서울특별시 강남구 역삼1동735-10,37.4990896099,127.033207233,보안등
1182,역삼1동735-15,서울특별시 강남구 역삼1동735-15,37.4985273042,127.033482917,보안등
1183,역삼1동735-16,서울특별시 강남구 역삼1동735-16,37.4983218491,127.033573295,보안등
1184,역삼1동 644-18,서울특별시 강남구 역삼1동 644-18,37.501294762,127.034976961,보안등
1185,역삼1동 642-1,서울특별시 강남구 역삼1동 642-1,37.5016369482,127.035633055,보안등
1186,역삼1동 644-9,서울특별시 강남구 역삼1동 644-9,37.5016046435,127.03519424299999,보안등
1187,역삼1동 644-8,서울특별시 강남구 역삼1동 644-8,37.501640718699996,127.035076644,보안등
1188,역삼1동 644-7,서울특별시 강남구 역삼1동 644-7,37.501622773499996,127.03482330899999,보안등
1189,역삼1동 643-14,서울특별시 강남구 역삼1동 643-14,37.5017958648,127.034488636,보안등
1190,역삼1동 639-16,서울특별시 강남구 역삼1동 639-16,37.502120350300004,127.03406355700001,보안등
1191,역삼1동 643-2,서울특별시 강남구 역삼1동 643-2,37.5020157063,127.03450230899999,보안등
1192,역삼1동 643-3,서울특별시 강남구 역삼1동 643-3,37.5020697083,127.034701377,보안등
1193,역삼1동791-20,서울특별시 강남구 역삼1동791-20,37.4940783975,127.03852885299999,보안등
1194,역삼1동694-35,서울특별시 강남구 역삼1동694-35,37.507681061199996,127.045620502,보안등
1195,역삼1동834-50,서울특별시 강남구 역삼1동834-50,37.494054326,127.03480170200001,보안등
1196,역삼1동696-28,서울특별시 강남구 역삼1동696-28,37.5066460766,127.04722588700001,보안등
1197,역삼1동 640-20,서울특별시 강남구 역삼1동 640-20,37.5023832103,127.034864376,보안등
1198,역삼1동 643-6,서울특별시 강남구 역삼1동 643-6,37.502238973000004,127.035122161,보안등
1199,역삼1동 640-3,서울특별시 강남구 역삼1동 640-3,37.502833896999995,127.03423578399999,보안등
1200,역삼1동 640-1,서울특별시 강남구 역삼1동 640-1,37.5029708091,127.034376083,보안등
1201,역삼1동 640-6,서울특별시 강남구 역삼1동 640-6,37.5026031434,127.034565911,보안등
1202,역삼1동 639-10,서울특별시 강남구 역삼1동 639-10,37.5023149256,127.034208404,보안등
1203,역삼1동 629-10,서울특별시 강남구 역삼1동 629-10,37.5030610845,127.033769939,보안등
1204,역삼1동 638-1,서울특별시 강남구 역삼1동 638-1,37.5027079689,127.033493831,보안등
1205,역삼1동 639-5,서울특별시 강남구 역삼1동 639-5,37.5025817509,127.033765199,보안등
1206,역삼1동 638-8,서울특별시 강남구 역삼1동 638-8,37.5021889756,127.03354336,보안등
1207,역삼1동 639-7,서울특별시 강남구 역삼1동 639-7,37.5024303573,127.03385108200001,보안등
1208,역삼1동 645-3,서울특별시 강남구 역삼1동 645-3,37.501806911799996,127.03367437700001,보안등
1209,역삼1동 696-33,서울특별시 강남구 역삼1동 696-33,37.5061667058,127.047316064,보안등
1210,역삼1동 696-25,서울특별시 강남구 역삼1동 696-25,37.5062497929,127.046827529,보안등
1211,역삼1동 694-6,서울특별시 강남구 역삼1동 694-6,37.506747317199995,127.04639806,보안등
1212,역삼1동 694-13,서울특별시 강남구 역삼1동 694-13,37.5069383976,127.046226266,보안등
1213,역삼1동 694-14,서울특별시 강남구 역삼1동 694-14,37.5070429796,127.04605894299999,보안등
1214,역삼1동 694-17,서울특별시 강남구 역삼1동 694-17,37.5073495142,127.04556148799999,보안등
1215,역삼1동 694-18,서울특별시 강남구 역삼1동 694-18,37.5074504894,127.04539868399999,보안등
1216,역삼1동 683-43,서울특별시 강남구 역삼1동 683-43,37.507486644000004,127.045100119,보안등
1217,역삼1동 694-1,서울특별시 강남구 역삼1동 694-1,37.5072558428,127.045475474,보안등
1218,역삼1동 694-3,서울특별시 강남구 역삼1동 694-3,37.5070538901,127.045805605,보안등
1219,역삼1동 695-14,서울특별시 강남구 역삼1동 695-14,37.5064448389,127.04573284899999,보안등
1220,역삼1동 695-13,서울특별시 강남구 역삼1동 695-13,37.5063510765,127.045882083,보안등
1221,역삼1동 696-11,서울특별시 강남구 역삼1동 696-11,37.5061272993,127.046718877,보안등
1222,역삼1동 696-9,서울특별시 강남구 역삼1동 696-9,37.5058605982,127.04672775899999,보안등
1223,역삼1동 696-16,서울특별시 강남구 역삼1동 696-16,37.5057197783,127.047388165,보안등
1224,역삼1동 697-11,서울특별시 강남구 역삼1동 697-11,37.505283922800004,127.04680883,보안등
1225,역삼1동 697-8,서울특별시 강남구 역삼1동 697-8,37.5057022119,127.0462436,보안등
1226,역삼1동 697-7,서울특별시 강남구 역삼1동 697-7,37.5058067991,127.046062707,보안등
1227,역삼1동 695-10,서울특별시 강남구 역삼1동 695-10,37.506076998000005,127.04632526200001,보안등
1228,역삼1동823-5,서울특별시 강남구 역삼1동823-5,37.4982754777,127.031836258,보안등
1229,역삼1동823-7,서울특별시 강남구 역삼1동823-7,37.4984051072,127.03226152100001,보안등
1230,역삼1동823-21,서울특별시 강남구 역삼1동823-21,37.499053819299995,127.032307035,보안등
