,밝기,분류,명칭,위도,경도
0,250,파출소,도곡지구대,37.5013221,127.0440285
1,250,파출소,역삼지구대,37.51592539999999,127.0520605
2,250,파출소,역서치안센타,37.493819099999996,127.0321969
3,250,파출소,역서파출소앞공중전화(옥외),37.493819099999996,127.0321969
4,250,파출소,서울지방경찰청국제범죄수사대,37.5033779,127.037102
5,250,파출소,양재파출소,37.48450649999999,127.03780220000002
6,250,파출소,신사파출소,37.5183314,127.0241191
7,250,파출소,논현1파출소,37.513774600000005,127.02931969999999
8,250,파출소,서울서초경찰서서초파출소,37.4852476,127.01672620000001
9,250,파출소,서초2파출소,37.487479799999996,127.02896329999999
10,250,파출소,삼성2파출소,37.4932119,127.05893590000002
11,250,파출소,논현2파출소,37.515181,127.0338544
12,250,파출소,개포지구대,37.4806751,127.05125759999999
13,250,파출소,도곡치안센타,37.4845355,127.0468249
14,210,편의점,GS25 강남메트로점,37.4985723,127.02804280000001
15,210,편의점,GS25 지에스강남점,37.502423,127.03758899999998
16,210,편의점,CU 925신논현역점,37.5045961,127.02501840000001
17,210,편의점,미니스톱 강남시티3점,37.4984765,127.0283403
18,210,편의점,CU M강남역점,37.492183700000005,127.02905
19,210,편의점,CU 역삼점,37.5047409,127.04696509999998
20,210,편의점,세븐일레븐 역삼8호점,37.5018853,127.0267173
21,210,편의점,세븐일레븐 KT강남점,37.504695500000004,127.0412371
22,210,편의점,GS25 지에스본점,37.5018235,127.03588130000001
23,210,편의점,이마트24 R강남역삼점,37.5007937,127.0268277
24,210,편의점,GS25 역삼지에스점,37.50244989999999,127.03700649999999
25,210,편의점,GS25 역삼프리미엄점,37.50286870000001,127.0389781
26,210,편의점,GS25 강남시티힐점,37.5009906,127.02792209999998
27,210,편의점,CU 역삼본점,37.5040242,127.0257044
28,210,편의점,미니스톱 강남센터점,37.4997792,127.02744129999999
29,210,편의점,이마트24 역삼휴먼터치빌점,37.50645720000001,127.0337383
30,210,편의점,GS25 강남YBM점,37.4994466,127.02808459999999
31,210,편의점,세븐일레븐 역삼GFC점,37.4999821,127.03640049999998
32,210,편의점,GS25 차병원본점,37.5065713,127.0348
33,210,편의점,CU 역삼역촌점,37.5059304,127.0331185
34,210,편의점,GS25 강남타운점,37.4990162,127.029877
35,210,편의점,CU 역삼성보점,37.50236339999999,127.04488719999999
36,210,편의점,CU 국기원사거리점,37.4981707,127.03159109999999
37,210,편의점,세븐일레븐 역삼개나리점,37.4986101,127.0458492
38,210,편의점,CU 역삼하나점,37.5042701,127.0341442
39,210,편의점,이마트24 강남역점,37.49862529999999,127.02802849999999
40,210,편의점,세븐일레븐 역삼보브점,37.5046821,127.02613319999999
41,210,편의점,스타편의점,37.5021078,127.02616359999999
42,210,편의점,CU 강남센타점,37.497427200000004,127.0283935
43,210,편의점,GS25 S강남역1호점,37.4872446,127.03278130000001
44,210,편의점,GS25 역삼충현점,37.5057148,127.03772350000001
45,210,편의점,세븐일레븐 역삼영화점,37.496714600000004,127.0375449
46,210,편의점,CU M역삼역점,37.4981284,127.02830300000001
47,210,편의점,CU 역삼강남점,37.4997088,127.02918159999999
48,210,편의점,CU 역삼건화점,37.4934709,127.04196929999999
49,210,편의점,CU 역삼진미점,37.500712,127.03427260000001
50,210,편의점,CU 큰길타워점,37.50236339999999,127.0406629
51,210,편의점,GS25 역삼거북점,37.5037266,127.0363318
52,210,편의점,GS25 역삼캐피탈점,37.49933680000001,127.03490900000001
53,210,편의점,GS25 강남리츠칼튼점,37.5035911,127.02694509999999
54,210,편의점,GS25 역삼상록점,37.504039299999995,127.04398359999999
55,210,편의점,GS25 역삼아워홈점,37.494219799999996,127.0316173
56,210,편의점,GS25 역삼로점,37.49336029999999,127.03041499999999
57,210,편의점,세븐일레븐 르네상스점,37.5031143,127.040374
58,210,편의점,GS25 S강남역2호점,37.4872446,127.03278130000001
59,210,편의점,GS25 역삼띵동점,37.5051125,127.04243290000001
60,210,편의점,GS25 역삼스타점,37.4990343,127.037039
61,210,편의점,GS25 강남쉐르빌점,37.4872446,127.03278130000001
62,210,편의점,세븐일레븐 역삼발렌타인점,37.49187999999999,127.0314259
63,210,편의점,미니스톱 역삼태극점,37.5087501,127.02166499999998
64,210,편의점,GS25 역삼성보점,37.5030366,127.04791110000001
65,210,편의점,CU 역삼시티점,37.499594099999996,127.03045990000001
66,210,편의점,CU 강남시티점,37.5042746,127.0447277
67,210,편의점,CU 선릉SK허브점,37.5033975,127.04909380000001
68,210,편의점,GS25 강남태양점,37.5029389,127.02685290000001
69,210,편의점,미니스톱 역삼타워점,37.496674,127.030124
70,210,편의점,세븐일레븐 역삼18호점,37.494803499999996,127.0451011
71,210,편의점,CU 역삼화랑점,37.4946782,127.03765590000002
72,210,편의점,CU 역삼로즈점,37.4952482,127.0457196
73,210,편의점,GS25 역삼타운점,37.496391700000004,127.04471670000001
74,210,편의점,세븐일레븐 강남푸르지오시티점,37.497689,127.029031
75,210,편의점,세븐일레븐 역삼한서점,37.501265000000004,127.04176840000001
76,210,편의점,GS25 개나리SK점,37.500516600000005,127.0502997
77,210,편의점,GS25 강남N타워점,37.498599600000006,127.02804990000001
78,210,편의점,GS25 역삼사랑점,37.5059151,127.0465317
79,210,편의점,세븐일레븐 역삼한은점,37.509487799999995,127.0639905
80,210,편의점,GS25 역삼기쁨점,37.5099316,127.0321881
81,210,편의점,세븐일레븐 역삼14호점,37.50513529999999,127.02998899999999
82,210,편의점,세븐일레븐 역삼5호점,37.494905700000004,127.03563259999999
83,210,편의점,GS25 강남본점,37.4976053,127.0286852
84,210,편의점,세븐일레븐 역삼창조점,37.49907109999999,127.0362499
85,210,편의점,GS25 역삼월드점,37.498512899999994,127.0479773
86,210,편의점,세븐일레븐 강남언주로점,37.50737,127.0438145
87,210,편의점,GS25 역삼넥스빌점,37.501905,127.0443538
88,210,편의점,GS25 역삼이담점,37.498511799999996,127.03407250000001
89,210,편의점,GS25 지에스타워점,37.502223,127.03801709999999
90,210,편의점,CU 선릉디오빌점,37.5033944,127.0478146
91,210,편의점,CU 역삼푸르지오점,37.4969176,127.04635890000002
92,210,편의점,CU 역삼카이로스점,37.491656,127.0315498
93,210,편의점,CU 역삼지혜점,37.5002744,127.0325502
94,210,편의점,GS25 역삼센트럴점,37.50069209999999,127.04191999999999
95,210,편의점,GS25 역삼행운점,37.496328000000005,127.03444329999999
96,210,편의점,CU 역삼경남점,37.500460700000005,127.04246509999999
97,210,편의점,GS25 역삼흑룡점,37.495415200000004,127.03499
98,210,편의점,GS25 지에스사랑점,37.500951799999996,127.03948559999999
99,210,편의점,이마트24 역삼승리점,37.5004833,127.03164950000001
100,210,편의점,이마트24 역삼자이점,37.5091043,127.04007630000001
101,210,편의점,GS25 역삼태극점,37.495332299999994,127.03037250000001
102,210,편의점,GS25 역삼아르누보점,37.5033508,127.04286280000001
103,210,편의점,GS25 역삼본점,37.5023232,127.03882450000002
104,210,편의점,이마트24 역삼서희점,37.4914026,127.0326232
105,210,편의점,GS25 S강남역3호점,37.4977735,127.02853600000002
106,210,편의점,CU 역삼가화점,37.4959609,127.042699
107,210,편의점,GS25 역삼우리점,37.497805799999995,127.04176509999998
108,210,편의점,CU 역삼우인점,37.4964436,127.0293143
109,210,편의점,세븐일레븐강남SLI점,37.498408100000006,127.0511905
110,210,편의점,CU 역삼타운점,37.498667600000005,127.04303090000002
111,210,편의점,GS25 강남역신분당선B,37.4872446,127.03278130000001
112,210,편의점,미니스톱 역삼디오빌점,37.501330100000004,127.0424655
113,210,편의점,GS25 역삼프라임점,37.5049213,127.03963940000001
114,210,편의점,GS25 역삼미래점,37.505647100000004,127.04025449999999
115,210,편의점,세븐일레븐 역삼MG스타점,37.50471599999999,127.04822879999999
116,210,편의점,세븐일레븐 신논현강남점,37.5058877,127.0301071
117,210,편의점,CU 역삼태양점,37.502699,127.02770759999999
118,210,편의점,세븐일레븐 역삼프레스티점,37.4948359,127.0303638
119,210,편의점,GS25 역삼성우점,37.4923487,127.0319943
120,210,편의점,세븐일레븐 강남IBC점,37.499751700000004,127.031107
121,210,편의점,세븐일레븐 역삼진선점,37.5028306,127.04884650000001
122,210,편의점,세븐일레븐 역삼10호점,37.5007271,127.0337013
123,210,편의점,GS25 역삼하나점,37.4923761,127.03567140000001
124,210,편의점,이마트24 역삼센터점,37.499995399999996,127.04276170000001
125,210,편의점,GS25 역삼제일점,37.507789100000004,127.0400551
126,210,편의점,GS25 역삼르네상스점,37.5015456,127.04126380000001
127,210,편의점,GS25 역삼싱아점,37.49579,127.0405163
128,210,편의점,CU 선릉제일점,37.5055164,127.0477029
129,210,편의점,CU 역삼경복점,37.508669700000006,127.04041709999998
130,210,편의점,세븐일레븐 역삼17호점,37.496836200000004,127.0397531
131,210,편의점,CU 역삼에클라트점,37.498512700000006,127.035022
132,210,편의점,GS25 역삼햇살점,37.4969325,127.03908020000001
133,210,편의점,CU 역삼사랑점,37.5069682,127.04082
134,210,편의점,세븐일레븐 역삼해피점,37.5071893,127.03688340000001
135,210,편의점,CU 역삼테헤란점,37.501868200000004,127.03849440000002
136,210,편의점,GS25 역삼태양점,37.5010771,127.03495330000001
137,210,편의점,GS25 역삼코디점,37.50104279999999,127.0341745
138,210,편의점,이마트24 푸르덴셜타워점,37.489969200000004,127.032129
139,210,편의점,GS25 역삼목화점,37.5088941,127.04276010000001
140,210,편의점,GS25 역삼2점,37.4940425,127.0355007
141,210,편의점,세븐일레븐 역삼타운점,37.496946799999996,127.03090470000001
142,210,편의점,GS25 역삼소망점,37.50540400000001,127.03364099999999
143,210,편의점,GS25 강남아트점,37.50337529999999,127.02842609999999
144,210,편의점,GS25 강남사랑점,37.4961175,127.03548529999999
145,210,편의점,CU 강남푸르지오점,37.497689,127.029031
146,210,편의점,CU 역삼벚꽃길점,37.491271000000005,127.035067
147,210,편의점,미니스톱 역삼만남점,37.4955369,127.03181289999999
148,210,편의점,세븐일레븐 역삼은석점,37.4986435,127.0414976
149,210,편의점,세븐일레븐 역삼달샘점,37.501854200000004,127.03280009999999
150,210,편의점,WithGN 강남역지하쇼핑센터점,37.4872446,127.03278130000001
151,210,편의점,이마트24 역삼초교점,37.4927366,127.0342442
152,210,편의점,세븐일레븐 한신점,37.5033867,127.0465507
153,210,편의점,CU 역삼미래점,37.5038298,127.03882209999999
154,210,편의점,GS25 역삼효성점,37.497127899999995,127.030383
155,210,편의점,GS25 역삼영동점,37.5067811,127.0354443
156,210,편의점,세븐일레븐 역삼명랑점,37.5134667,127.03063700000001
157,210,편의점,세븐일레븐 역삼특허점,37.4958355,127.0322874
158,210,편의점,GS25 선릉넥슨점,37.5066208,127.04721940000002
159,210,편의점,GS25 역삼제스트점,37.5068316,127.04476240000001
160,210,편의점,이마트24 역삼Delivery점,37.4964659,127.04175049999999
161,210,편의점,스토리웨이,37.504478999999996,127.04894099999999
162,210,편의점,GS25 역삼혜성점,37.500463,127.040617
163,210,편의점,세븐일레븐 선릉스타점,37.5088717,127.0434356
164,210,편의점,미니스톱역삼충현점,37.5056511,127.03543729999998
165,210,편의점,세븐일레븐 강남선릉점,37.5046848,127.04480559999999
166,210,편의점,CU 선정릉싱싱점,37.5090479,127.0440555
167,210,편의점,GS25 역삼아람점,37.49357699999999,127.0414007
168,210,편의점,CU 역삼센타점,37.4958914,127.0338416
169,210,편의점,이마트24 역삼신한점,37.4953227,127.038463
170,210,편의점,CU 역삼푸른점,37.490414,127.0323053
171,210,편의점,세븐일레븐 역삼하이츠점,37.501247,127.035886
172,210,편의점,CU 역삼에스아이빌딩점,37.5015994,127.0377433
173,210,편의점,세븐일레븐 역삼우일점,37.506837100000006,127.0413273
174,210,편의점,GS25 역삼참마을점,37.4975261,127.0376125
175,210,편의점,GS25 역삼쌍마점,37.4976892,127.03342269999999
176,210,편의점,GS25 강남태강점,37.4981623,127.032323
177,210,편의점,GS25 역삼덕원점,37.5006969,127.0323219
178,210,편의점,세븐일레븐 역삼선릉로점,37.5086439,127.0416797
179,210,편의점,이마트24 역삼중앙점,37.4976447,127.03249140000001
180,210,편의점,GS25 역삼블루점,37.4932542,127.03882309999999
181,210,편의점,세븐일레븐 역삼세브란스점,37.4940215,127.04321909999999
182,210,편의점,CU 역삼유토빌점,37.498788,127.0334124
183,210,편의점,CU 역삼삼부자점,37.5056753,127.04417649999999
184,210,편의점,미니스톱강남메트로점,37.49862529999999,127.02802849999999
185,210,편의점,이마트24 역삼리테일점,37.5062083,127.0379507
186,210,편의점,GS25 역삼행복점,37.4955112,127.04391509999998
187,210,편의점,GS25 역삼대홍점,37.492431700000004,127.03928710000001
188,210,편의점,GS25 강남쌍용점,37.495405600000005,127.03041090000002
189,210,편의점,미니스톱 역삼태광점,37.5010846,127.04030490000001
190,210,편의점,CU 역삼우리점,37.4959576,127.03731040000001
191,210,편의점,세븐일레븐 역삼테헤란점,37.502830100000004,127.0382197
192,210,편의점,CU 역삼형지점,37.4944336,127.0396044
193,210,편의점,GS25 역삼미소점,37.505629,127.03174140000002
194,210,편의점,GS25 역삼대로점,37.496554100000004,127.0404149
195,210,편의점,GS25 역삼테헤란점,37.502262,127.0392663
196,210,편의점,이마트24 역삼테헤란점,37.496977799999996,127.03379709999999
197,210,편의점,이마트24 역삼푸르지오점,37.498056,127.0338646
198,210,편의점,GS25 강남상록회관점,37.5048633,127.0439301
199,210,편의점,CU 역삼포스틸점,37.4990484,127.03412890000001
200,210,편의점,GS25 강남역신분당선A,37.4872446,127.03278130000001
201,210,편의점,세븐일레븐 역삼래미안점,37.4958588,127.0464594
202,210,편의점,CU 역삼천사점,37.5060185,127.0460553
203,210,편의점,세븐일레븐 역삼15호점,37.4903984,127.0330439
204,210,편의점,이마트24 역삼은성점,37.494589500000004,127.04093200000001
205,210,편의점,GS25 역삼명진점,37.4933833,127.0365382
206,210,편의점,세븐일레븐 역삼코넬점,37.5038775,127.0395962
207,210,편의점,CU 역삼한서점,37.498166,127.0390723
208,210,편의점,세븐일레븐 역삼언주로점,37.5009626,127.04125090000001
209,210,편의점,바이더웨이역삼은탑점,37.499052500000005,127.03320719999999
210,210,편의점,GS25 강남갤러리점,37.5068128,127.037784
211,210,편의점,CU 역삼신웅점,37.50141199999999,127.04016899999999
212,210,편의점,세븐일레븐 역삼웰스토어점,37.4931358,127.0396637
213,210,편의점,CU 역삼디오빌점,37.5014884,127.04288170000001
214,210,편의점,GS25 강남역삼점,37.507355700000005,127.0420468
215,210,편의점,미니스톱 역삼성지점,37.5038458,127.0441263
216,210,편의점,CU 역삼황제펭귄점,37.5067382,127.03692649999999
217,210,편의점,세븐일레븐 역삼스타공원점,37.49734249999999,127.03608929999999
218,210,편의점,라면국물편의점포차 역삼점,37.5013309,127.0333836
219,210,편의점,지에스25역삼테헤란점,37.502262,127.0392663
220,210,편의점,크린위드 강남프라자점,37.495779799999994,127.0464372
221,210,편의점,킹마트 역삼점,37.5010194,127.0336297
222,210,편의점,수민상품권,37.501607,127.03562620000001
223,210,편의점,아빠가게,37.5017808,127.043931
224,210,편의점,씨브이에스넷,37.497128100000005,127.0614078
225,210,편의점,나우픽,37.5048807,127.0335595
226,210,편의점,29CM STORE,37.498799700000006,127.02669409999999
227,210,편의점,TJ 움직이는 편의점,37.5061541,127.02446670000002
228,210,편의점,이마트24 R스타필드코엑스몰6호점,37.5126188,127.05741689999999
229,210,편의점,TJ움직이는편의점,37.505750299999995,127.0262215
230,210,편의점,GS25 강남센타점,37.4993385,127.03379270000002
231,210,편의점,GS25 강남동원점,37.4990162,127.029877
232,210,편의점,GS25 강남프리미엄점,37.4988341,127.0261778
233,210,편의점,CU 타워팰리스점,37.4884505,127.0544709
234,210,편의점,GS25 논현영동점,37.509938,127.02306200000001
235,210,편의점,CU 서초다우점,37.502481,127.0244418
236,210,편의점,GS25 오크우드점,37.5101935,127.0585824
237,210,편의점,세븐일레븐 양재역점,37.4828114,127.0342362
238,210,편의점,GS25 대치골드점,37.484586900000004,127.04203340000001
239,210,편의점,CU M양재역점,37.48357,127.035421
240,210,편의점,CU 대치본점,37.4985196,127.0588217
241,210,편의점,이마트24 서울남부터미널점,37.4842039,127.01539869999999
242,210,편의점,GS25 코엑스신협점,37.5126188,127.05741689999999
243,210,편의점,CU 서초대로점,37.49393320000001,127.01549569999999
244,210,편의점,CU 924사평역점,37.5042324,127.01520740000001
245,210,편의점,GS25 도곡매봉점,37.48515099999999,127.0457169
246,210,편의점,CU 남부터미널역점,37.48490579999999,127.0147439
247,210,편의점,세븐일레븐 영동점,37.5084594,127.0221335
248,210,편의점,GS25 논현동우점,37.5091672,127.0364508
249,210,편의점,CU 논현두산위브점,37.511904799999996,127.0380263
250,210,편의점,움직이는편의점,37.51454520000001,127.04372520000001
251,210,편의점,GS25 도곡양재점,37.48568119999999,127.0345555
252,210,편의점,CU 서초아이파크점,37.5006226,127.0253673
253,210,편의점,CU 서초캐슬점,37.5016033,127.0240807
254,210,편의점,GS25 잠원중앙점,37.513937,127.01694029999999
255,210,편의점,미니스톱 강남신사점,37.51798,127.0199777
256,210,편의점,GS25 신사대로점,37.5166805,127.0189392
257,210,편의점,GS25 학동공원점,37.515244200000005,127.02235049999999
258,210,편의점,GS25 신사현대점,37.5171429,127.0199774
259,210,편의점,세븐일레븐 잠원중앙점,37.5147919,127.0188281
260,210,편의점,이마트24 R강남대로점,37.5092316,127.02257150000001
261,210,편의점,GS25 봉은사점,37.5141625,127.05867509999999
262,210,편의점,세븐일레븐 신사4호점,37.5187027,127.02379640000001
263,210,편의점,CU 강남세브란스점,37.4927454,127.0463152
264,210,편의점,세븐일레븐 공항타워점,37.5101935,127.0585824
265,210,편의점,CU 학동역점,37.51445880000001,127.0332712
266,210,편의점,CU 논현세관사거리점,37.5147606,127.0362997
267,210,편의점,GS25 신사제일점,37.517947899999996,127.02252340000001
268,210,편의점,CU 도곡아크로타워점,37.4881456,127.0509571
269,210,편의점,GS25 서초영동점,37.488402799999996,127.030323
270,210,편의점,CU 삼성아이파크점,37.515997600000006,127.0503038
271,210,편의점,플젠24시마트강남점,37.506429,127.0528364
272,210,편의점,세븐일레븐 대치6호점,37.498957700000005,127.0588365
273,210,편의점,CU 대치동부점,37.5055912,127.055221
274,210,편의점,세븐일레븐 서초바로세움점,37.5020304,127.02456310000001
275,210,편의점,GS25 도곡아카데미점,37.4889623,127.0519645
276,210,편의점,GS25 논현이편한점,37.5066542,127.0288551
277,210,편의점,CU 대치롯데점,37.49771430000001,127.05309129999999
278,210,편의점,세븐일레븐 논현본점,37.5192657,127.02924840000001
279,210,편의점,대치마트,37.5026182,127.05674920000001
280,210,편의점,GS25 S논현역점,37.511206,127.021728
281,210,편의점,이마트24 연세장례식장강남점,37.492736,127.04626609999998
282,210,편의점,CU 도곡벚꽃길점,37.482213,127.04357659999998
283,210,편의점,GS25 서울라마다점,37.5103037,127.04524750000002
284,210,편의점,세븐일레븐 L7강남점,37.5056545,127.05153870000001
285,210,편의점,CU 서초도씨에빛점,37.4947969,127.0286337
286,210,편의점,GS25 서초서일점,37.484229,127.02210009999999
287,210,편의점,세븐일레븐 논현2호점,37.517236499999996,127.03572369999999
288,210,편의점,세븐일레븐 논현4호점,37.51634979999999,127.0298925
289,210,편의점,GS25 도곡점,37.487750899999995,127.04754170000001
290,210,편의점,GS25 도곡역점,37.49087479999999,127.05730849999999
291,210,편의점,GS25 서초낙원점,37.4851511,127.01856140000001
292,210,편의점,CU 서초현대렉시온점,37.490273200000004,127.0305997
293,210,편의점,GS25 서초삼성타운점,37.496794200000004,127.02571680000001
294,210,편의점,CU 강남해커스점,37.4988517,127.0255375
295,210,편의점,세븐일레븐 강남역TGI점,37.497655200000004,127.0252446
296,210,편의점,TJ편의점,37.5101676,127.0303186
297,210,편의점,CU 신논현역점,37.5061581,127.02409890000001
298,210,편의점,세븐일레븐 논현11호점,37.5179327,127.04056429999999
299,210,편의점,세븐일레븐 삼성페이토점,37.5084084,127.0586761
300,210,편의점,GS25 도곡롯데점,37.4905316,127.03720929999999
301,210,편의점,이마트24 엔씨타워점,37.5077414,127.05819129999999
302,210,편의점,CU 서초써밋점,37.5012459,127.02097350000001
303,210,편의점,미니스톱 양재대로점,37.4830467,127.0365636
304,210,편의점,GS25논현삼익점,37.512153399999995,127.0219668
305,210,편의점,CU 강남연세장례식장점,37.4927454,127.0463152
306,210,편의점,미니스톱 서초남부점,37.4827063,127.0147389
307,210,편의점,세븐일레븐 서초남부점,37.486045000000004,127.0158608
308,210,편의점,미니스톱 신사만남점,37.517509999999994,127.0215461
309,210,편의점,세븐일레븐 대치나인점,37.5039532,127.05099890000001
310,210,편의점,GS25 논현금옥점,37.5129156,127.02503119999999
311,210,편의점,CU 풍림플러스점,37.490322799999994,127.0297166
312,210,편의점,이마트24 포스코센터점,37.5057406,127.05610700000001
313,210,편의점,CU 논현동화점,37.51060579999999,127.02301729999999
314,210,편의점,CU 신사가로수길점,37.518213,127.023711
315,210,편의점,GS25 논현문화점,37.5154331,127.0410997
316,210,편의점,미니스톱 도곡공원점,37.4895461,127.03338290000002
317,210,편의점,GS25 대치제일점,37.5003207,127.0528265
318,210,편의점,CU 논현SK점,37.5033975,127.04909380000001
319,210,편의점,GS25 신사센터점,37.5181323,127.02118390000001
320,280,보안등,역삼1동833,37.4933487196,127.032033186
321,280,보안등,역삼1동832-25,37.49283351,127.03141329399999
322,280,보안등,역삼1동832-27,37.4926316591,127.031508196
323,280,보안등,역삼1동832-28,37.4924802706,127.03158050200001
324,280,보안등,역삼1동832-29,37.4923433006,127.031643768
325,280,보안등,역삼1동832-31,37.4920297367,127.03169339
326,280,보안등,역삼1동837-33,37.4915755437,127.03200981399999
327,280,보안등,역삼1동837-15,37.4918998658,127.03215921399999
328,280,보안등,역삼1동837-16,37.4919574771,127.032353732
329,280,보안등,역삼1동836,37.4919753184,127.03300054299999
330,280,보안등,역삼1동836-1,37.4916221664,127.032846603
331,280,보안등,역삼1동836-2,37.4916617717,127.032986836
332,280,보안등,역삼1동836-14,37.4914851489,127.03307722
333,280,보안등,역삼1동836-15,37.491441941,127.032932463
334,280,보안등,역삼1동836-25,37.4909084751,127.033180995
335,280,보안등,역삼1동840-1,37.491163732800004,127.03534765
336,280,보안등,역삼1동840-3,37.4912501426,127.035637167
337,280,보안등,역삼1동840-5,37.4913221492,127.035881446
338,280,보안등,역삼1동835-51,37.4916536441,127.036130374
339,280,보안등,역삼1동799,37.4915885846,127.036736435
340,280,보안등,역삼1동835-52,37.4917148543,127.036320373
341,280,보안등,역삼1동793-52,37.4919418398,127.036542115
342,280,보안등,역삼1동835-68,37.4923096847,127.03577788700001
343,280,보안등,역삼1동793-33,37.4921904631,127.036718637
344,280,보안등,역삼1동835-12,37.4917836312,127.03532985
345,280,보안등,역삼1동834-23,37.4928722342,127.034701644
346,280,보안등,역삼1동834-24,37.4929695562,127.03465645799999
347,280,보안등,역삼1동834-68,37.493052322,127.03508619700001
348,280,보안등,역삼1동834-72,37.4933118549,127.03494157600001
349,280,보안등,역삼1동834-73,37.4934560308,127.03489188799999
350,280,보안등,역삼1동834-52,37.493852535100004,127.034684005
351,280,보안등,역삼1동834-75,37.493574985,127.034819572
352,280,보안등,역삼1동834-54,37.493989381300004,127.03504592600001
353,280,보안등,역삼1동793-24,37.4924969299,127.036316229
354,280,보안등,역삼1동793-12,37.4928573077,127.03639782
355,280,보안등,역삼1동 652-16,37.5073706664,127.036549634
356,280,보안등,역삼1동 658-7,37.5069959029,127.036373015
357,280,보안등,역삼1동 652-15,37.5075040598,127.03640493
358,280,보안등,역삼1동 651-15,37.5071870406,127.035965946
359,280,보안등,역삼1동 658-5,37.5070139827,127.036178492
360,280,보안등,역삼1동 651-16,37.5071294312,127.035784958
361,280,보안등,역삼1동 651-2,37.5073997955,127.03557698200001
362,280,보안등,역삼1동 658-1,37.5068807703,127.035730552
363,280,보안등,역삼1동748-18,37.4956684085,127.036530361
364,280,보안등,역삼1동748-29,37.4956178848,127.036747455
365,280,보안등,역삼1동745-19,37.496547596199996,127.037155015
366,280,보안등,역삼1동746-16,37.4967565038,127.037553176
367,280,보안등,역삼1동746-7,37.4970483404,127.03783377399999
368,280,보안등,역삼1동746-9,37.497159956,127.038173086
369,280,보안등,역삼1동746-29,37.4972105389,127.037779575
370,280,보안등,역삼1동745-6,37.4972899627,127.03735441299999
371,280,보안등,역삼1동738-32,37.4978304095,127.037847739
372,280,보안등,역삼1동745-3,37.4975673908,127.03761238700001
373,280,보안등,역삼1동738-4,37.4987533319,127.03692540899999
374,280,보안등,역삼1동738-42,37.497697351199996,127.036929412
375,280,보안등,역삼1동745-8,37.497369375,127.036960915
376,280,보안등,역삼1동744-10,37.4968902194,127.03638168399999
377,280,보안등,역삼1동745-20,37.496652229,127.036784149
378,280,보안등,역삼1동744-9,37.4967496804,127.036322811
379,280,보안등,역삼1동748,37.4962847291,127.036426623
380,280,보안등,역삼1동748-1,37.496241427600005,127.03659849
381,280,보안등,역삼1동748-23,37.4961116321,127.036761267
382,280,보안등,역삼1동748-4,37.496003660999996,127.036277217
383,280,보안등,역삼1동 624-10,37.5041322368,127.031006359
384,280,보안등,역삼1동 624-38,37.5037935731,127.030567409
385,280,보안등,역삼1동 624-45,37.5037825775,127.031268595
386,280,보안등,역삼1동 624-15,37.5038437762,127.03153100200001
387,280,보안등,역삼1동 624-12,37.5043663774,127.03146336399999
388,280,보안등,역삼1동 612-8,37.5045068652,127.031721283
389,280,보안등,역삼1동 612-7,37.5046906301,127.031870649
390,280,보안등,역삼1동 610-7,37.5050689702,127.03217391
391,280,보안등,역삼1동 612-6,37.5047915926,127.03168521299999
392,280,보안등,역삼1동 612-5,37.5049285817,127.031549554
393,280,보안등,역삼1동 613-24,37.5051917988,127.031083703
394,280,보안등,역삼1동 611,37.5054476389,127.031255718
395,280,보안등,역삼1동 605,37.5064025582,127.03180351700001
396,280,보안등,역삼1동 610,37.5055879504,127.032169609
397,280,보안등,역삼1동 611-3,37.5054727635,127.031644785
398,280,보안등,역삼1동 652-13,37.5075039773,127.036671848
399,280,보안등,역삼1동 635-13,37.499879887,127.029453013
400,280,보안등,역삼1동 635-11,37.4999772964,127.02904592899999
401,280,보안등,역삼1동 819-4,37.4995267409,127.02925836200001
402,280,보안등,역삼1동 649-2,37.4997536061,127.03000936299999
403,280,보안등,역삼1동 649-4,37.4998796428,127.030416535
404,280,보안등,역삼1동 635-1,37.5009609621,127.029978181
405,280,보안등,역삼1동 635-12,37.500042070300005,127.02944403
406,280,보안등,역삼1동 635-9,37.5002511285,127.02934459299999
407,280,보안등,역삼1동 635-6,37.5006656494,127.029109527
408,280,보안등,역삼1동 622-10,37.502910881700004,127.029408966
409,280,보안등,역삼1동 622-4,37.5030730357,127.02951760100001
410,280,보안등,역삼1동 634,37.5031414154,127.02990214799999
411,280,보안등,역삼1동 623-15,37.503426160500005,127.02979369100001
412,280,보안등,역삼1동 623-14,37.5035234474,127.029879682
413,280,보안등,역삼1동 623-17,37.5032278417,127.03017813299999
414,280,보안등,역삼1동 623-19,37.503061973099996,127.030503778
415,280,보안등,역삼1동 634-4,37.5028566378,127.03013727
416,280,보안등,역삼1동 633-9,37.5024492459,127.030670907
417,280,보안등,역삼1동 681-39,37.5089582502,127.04193411700001
418,280,보안등,역삼1동 681-30,37.5088394582,127.04153592799999
419,280,보안등,역삼1동 681-37,37.5090196033,127.041694373
420,280,보안등,역삼1동 681-22,37.508753068000004,127.041232765
421,280,보안등,역삼1동 681-29,37.5088034625,127.041409233
422,280,보안등,역삼1동 681-23,37.5088684139,127.04118306299999
423,280,보안등,역삼1동 681-21,37.5087134679,127.04110606799999
424,280,보안등,역삼1동 687-4,37.5081189879,127.040576425
425,280,보안등,역삼1동 687-11,37.5084936023,127.041164761
426,280,보안등,역삼1동 686-12,37.5077438842,127.0413996
427,280,보안등,역삼1동 687-9,37.5080719652,127.041069524
428,280,보안등,역삼1동 687-3,37.5079531657,127.04068491299999
429,280,보안등,역삼1동 686-4,37.507578274299995,127.04089734
430,280,보안등,역삼1동 686,37.5076865041,127.040580715
431,280,보안등,역삼1동 687-12,37.5083350003,127.041237059
432,280,보안등,역삼1동 684,37.5086592015,127.041694172
433,280,보안등,역삼1동 684-4,37.5082915228,127.041888503
434,280,보안등,역삼1동 687-14,37.5081835587,127.041445083
435,280,보안등,역삼1동799-18,37.4922582329,127.03892595200001
436,280,보안등,역삼1동799-16,37.4921178269,127.03846452200001
437,280,보안등,역삼1동794-30,37.492305377,127.038030399
438,280,보안등,역삼1동794-27,37.4923667398,127.03773642700001
439,280,보안등,역삼1동794-24,37.4925685465,127.03779532899999
440,280,보안등,역삼1동794-29,37.4921937073,127.037858464
441,280,보안등,역삼1동799-13,37.4918910268,127.037677387
442,280,보안등,역삼1동799-10,37.491656798,127.037573239
443,280,보안등,역삼1동799-5,37.4918190037,127.03749642700001
444,280,보안등,역삼1동 623-22,37.5034404894,127.030137505
445,280,보안등,역삼1동 623-12,37.503710821,127.030019994
446,280,보안등,역삼1동 624-18,37.5039197582,127.030395555
447,280,보안등,역삼1동 613-5,37.5042044899,127.030341385
448,280,보안등,역삼1동 613-8,37.5043774585,127.030436455
449,280,보안등,역삼1동 613-14,37.504665716999995,127.03068086100001
450,280,보안등,역삼1동 613-10,37.5045973189,127.030377734
451,280,보안등,역삼1동 613-20,37.5049503698,127.030929791
452,280,보안등,역삼1동798-14,37.492629071399996,127.040052406
453,280,보안등,역삼1동798-32,37.4923912942,127.039789938
454,280,보안등,역삼1동798-25,37.4928094767,127.03944640000002
455,280,보안등,역삼1동798-29,37.4924887529,127.0393422
456,280,보안등,역삼1동795-41,37.4927557517,127.038428664
457,280,보안등,역삼1동 686-1,37.5075927763,127.040648525
458,280,보안등,역삼1동 653-4,37.5078819015,127.03824188200001
459,280,보안등,역삼1동 652-10,37.5076155904,127.03702930200001
460,280,보안등,역삼1동794-28,37.4921938127,127.037528276
461,280,보안등,역삼1동794-32,37.4923666658,127.03796710600001
462,280,보안등,역삼1동799-2,37.4917073974,127.037120955
463,280,보안등,역삼1동794-2,37.4933904829,127.03710821899999
464,280,보안등,역삼1동747-6,37.4959167081,127.03773368899999
465,280,보안등,역삼1동747-8,37.496078892199996,127.037724724
466,280,보안등,역삼1동747-14,37.4964138935,127.038263174
467,280,보안등,역삼1동747-10,37.4962410719,127.037729329
468,280,보안등,역삼1동749-9,37.495747988299996,127.03557597700001
469,280,보안등,역삼1동747,37.496093429,127.03734477
470,280,보안등,역삼1동747-1,37.495855566100005,127.037335605
471,280,보안등,역삼1동748-20,37.4959927274,127.03667074200001
472,280,보안등,역삼1동 633-26,37.5021356488,127.03085172700001
473,280,보안등,역삼1동 633-24,37.5023806892,127.030978492
474,280,보안등,역삼1동 633-22,37.5025932837,127.031141435
475,280,보안등,역삼1동 633-21,37.5025212651,127.030906171
476,280,보안등,역삼1동 633-4,37.502636628000005,127.03077503
477,280,보안등,역삼1동 633-5,37.5028960917,127.03087465899999
478,280,보안등,역삼1동 624-24,37.5032817173,127.03089291299999
479,280,보안등,역삼1동 623-21,37.5031772748,127.030607872
480,280,보안등,역삼1동 624-23,37.5034402729,127.030974406
481,280,보안등,역삼1동 623-25,37.503346743200005,127.03030032299999
482,280,보안등,역삼1동 624-39,37.5035953951,127.030399948
483,280,보안등,역삼1동 613-17,37.5047918283,127.03079401
484,280,보안등,역삼1동 613-19,37.505040514,127.030762445
485,280,보안등,역삼1동 624,37.5046656093,127.03109253299999
486,280,보안등,역삼1동 612-9,37.5046294492,127.031544904
487,280,보안등,역삼1동 685-1,37.5079094325,127.042069252
488,280,보안등,역삼1동 685-2,37.5077832709,127.042127994
489,280,보안등,역삼1동 684-5,37.5083311188,127.04202424799999
490,280,보안등,역삼1동 684-6,37.5084247782,127.042150975
491,280,보안등,역삼1동 684-12,37.5084030764,127.042368119
492,280,보안등,역삼1동 684-14,37.5086625169,127.042503989
493,280,보안등,역삼1동 684-9,37.5087166746,127.04223257299999
494,280,보안등,역삼1동 681-41,37.5091781177,127.04187090200001
495,280,보안등,역삼1동 684-27,37.5088785861,127.042979144
496,280,보안등,역삼1동 683-39,37.5089432062,127.04366684799999
497,280,보안등,역삼1동 683-1,37.5090080233,127.04381618200001
498,280,보안등,역삼1동 682-12,37.5095163268,127.043445498
499,280,보안등,역삼1동 682-14,37.5093324853,127.043544923
500,280,보안등,역삼1동 682-4,37.5092317189,127.04314674
501,280,보안등,역삼1동 682-9,37.5096029046,127.043223865
502,280,보안등,역삼1동 682,37.5096535648,127.04266289700001
503,280,보안등,역삼1동 686-3,37.5073584197,127.04092436399999
504,280,보안등,역삼1동748-7,37.495690121799996,127.03624087799999
505,280,보안등,역삼1동749-15,37.495683041999996,127.035820206
506,280,보안등,역삼1동749-6,37.496007493200004,127.03552634299999
507,280,보안등,역삼1동749-21,37.4962236597,127.03577523
508,280,보안등,역삼1동748-10,37.4954306928,127.03604172700001
509,280,보안등,역삼1동748-14,37.4950991444,127.035969195
510,280,보안등,역삼1동 624-41,37.5045791331,127.031015591
511,280,보안등,역삼1동 624-9,37.5043087946,127.031155719
512,280,보안등,역삼1동 690-27,37.5072283228,127.041928626
513,280,보안등,역삼1동 690-35,37.5068929925,127.042367266
514,280,보안등,역삼1동 690-17,37.506723813,127.04177905200001
515,280,보안등,역삼1동 690-24,37.506921978,127.04193750200001
516,280,보안등,역삼1동 690-20,37.507073524,127.041435422
517,280,보안등,역삼1동 686-20,37.5073979364,127.041290832
518,280,보안등,역삼1동 689-34,37.5070304884,127.040824657
519,280,보안등,역삼1동 670-1,37.5039069037,127.03750247200001
520,280,보안등,역삼1동 670-3,37.503708726999996,127.037362135
521,280,보안등,역삼1동 689-26,37.5061363962,127.041670149
522,280,보안등,역삼1동 690-15,37.506449808,127.042059385
523,280,보안등,역삼1동 817-5,37.5004497622,127.027634745
524,280,보안등,역삼1동 817-20,37.5003378778,127.028308721
525,280,보안등,역삼1동 817-23,37.500373882199995,127.028458014
526,280,보안등,역삼1동 817-27,37.500701783800004,127.02872503200001
527,280,보안등,역삼1동 817-38,37.5008747901,127.028670815
528,280,보안등,역삼1동 620-9,37.5009830821,127.027956121
529,280,보안등,역삼1동 817-26,37.5004747171,127.028779229
530,280,보안등,역삼1동 817-22,37.5001792398,127.02856198299999
531,280,보안등,역삼1동791,37.494547138899996,127.03785512799999
532,280,보안등,역삼1동790-20,37.4947057783,127.03766070799999
533,280,보안등,역삼1동789-14,37.4948176692,127.037136065
534,280,보안등,역삼1동791-2,37.4946551447,127.038212521
535,280,보안등,역삼1동791-8,37.494564978,127.038416021
536,280,보안등,역삼1동791-5,37.4947919505,127.038664917
537,280,보안등,역삼1동791-6,37.4946657888,127.03872817799999
538,280,보안등,역삼1동791-10,37.494471371399996,127.038112915
539,280,보안등,역삼1동797-5,37.4948350019,127.03926201200001
540,280,보안등,역삼1동797-1,37.4949071619,127.039022316
541,280,보안등,역삼1동797-15,37.4944385002,127.039438211
542,280,보안등,역삼1동796-3,37.4939845205,127.03905349799999
543,280,보안등,역삼1동796-2,37.4939449225,127.038913258
544,280,보안등,역삼1동796-6,37.4937359261,127.03880006899999
545,280,보안등,역삼1동 682-1,37.5093399628,127.042807491
546,280,보안등,역삼1동 684-21,37.508947138,127.042771074
547,280,보안등,역삼1동 684-7,37.508691519,127.04202897399999
548,280,보안등,역삼1동796-11,37.4936133087,127.03904425799999
549,280,보안등,역삼1동795-3,37.493772127199996,127.03830705799999
550,280,보안등,역삼1동792-59,37.4939703956,127.038162416
551,280,보안등,역삼1동792-82,37.493934403400004,127.038013132
552,280,보안등,역삼1동792-5,37.4932683136,127.035918562
553,280,보안등,역삼1동792-76,37.4938839863,127.037890979
554,280,보안등,역삼1동792-75,37.49405701,127.037796079
555,280,보안등,역삼1동792-81,37.4937507757,127.03745668399999
556,280,보안등,역삼1동794-5,37.493393966999996,127.037488168
557,280,보안등,역삼1동795-8,37.4932568942,127.037863524
558,280,보안등,역삼1동795-13,37.4932063505,127.03813488799999
559,280,보안등,역삼1동794-12,37.4930947866,127.03763276
560,280,보안등,역삼1동 619-10,37.5023850567,127.02791593
561,280,보안등,역삼1동 622-22,37.5024101629,127.028427121
562,280,보안등,역삼1동 622-21,37.5024966235,127.02857643700001
563,280,보안등,역삼1동 622-17,37.5026082401,127.02901980600001
564,280,보안등,역삼1동 622-16,37.5026911692,127.028870554
565,280,보안등,역삼1동 622-11,37.502723515300005,127.029236991
566,280,보안등,역삼1동 621-13,37.502446024499996,127.029159979
567,280,보안등,역삼1동 621-33,37.501984657,127.029372414
568,280,보안등,역삼1동 621-26,37.501959579099996,127.02876170399999
569,280,보안등,역삼1동 620-24,37.5017395969,127.029318033
570,280,보안등,역삼1동 620-21,37.501299967600005,127.02906906
571,280,보안등,역삼1동 620-20,37.5014261173,127.029032919
572,280,보안등,역삼1동 620-13,37.5013000318,127.02880668700001
573,280,보안등,역삼1동 620-7,37.5012533538,127.028082884
574,280,보안등,역삼1동 817-35,37.500705555100005,127.028028395
575,280,보안등,역삼1동 817-1,37.5005975451,127.027557898
576,280,보안등,역삼1동 817-25,37.5002548771,127.02875652600001
577,280,보안등,역삼1동 817-17,37.4999883361,127.028105028
578,280,보안등,역삼1동 817-16,37.5001144909,127.028046269
579,280,보안등,역삼1동 690-40,37.5067235646,127.04247574600001
580,280,보안등,역삼1동 690-41,37.5068784542,127.04270655799999
581,280,보안등,역삼1동 690-14,37.5063200181,127.042185984
582,280,보안등,역삼1동 689-23,37.505909287,127.041828361
583,280,보안등,역삼1동 701,37.503861723200004,127.043161745
584,280,보안등,역삼1동 703-5,37.5042505168,127.04435173899999
585,280,보안등,역삼1동 703-8,37.5043188841,127.044641305
586,280,보안등,역삼1동 704-45,37.504650127800005,127.04549651299999
587,280,보안등,역삼1동 704-55,37.5047004196,127.04592178700001
588,280,보안등,역삼1동 704-53,37.504743569,127.04617515
589,280,보안등,역삼1동 704-51,37.5048804421,127.04637880899999
590,280,보안등,역삼1동 697-45,37.5050244674,127.046722714
591,280,보안등,역삼1동 696-5,37.5054134802,127.04727939700001
592,280,보안등,역삼1동 696-18,37.505589908000005,127.04770023299999
593,280,보안등,역삼1동 705-17,37.5050600218,127.04793513799999
594,280,보안등,역삼1동 705-32,37.5050060367,127.047749625
595,280,보안등,역삼1동 705-8,37.504894425100005,127.04746907299999
596,280,보안등,역삼1동 705-5,37.5047972307,127.04718400700001
597,280,보안등,역삼1동 681-50,37.5094049966,127.042359637
598,280,보안등,역삼1동 818-3,37.4998152922,127.028317571
599,280,보안등,역삼1동 819,37.4992062402,127.028199729
600,280,보안등,역삼1동 818-12,37.4995846075,127.028430573
601,280,보안등,역삼1동 818-10,37.4996854391,127.028765355
602,280,보안등,역삼1동 819-3,37.4994547196,127.029018586
603,280,보안등,역삼1동 681-13,37.508782022800006,127.0408799
604,280,보안등,역삼1동 681-15,37.5090127175,127.04077144700001
605,280,보안등,역삼1동 681-4,37.508576678000004,127.040635487
606,280,보안등,역삼1동 681-6,37.5088109765,127.040527035
607,280,보안등,역삼1동 680-1,37.5083102687,127.03978933799999
608,280,보안등,역삼1동 681-1,37.5088687012,127.040350625
609,280,보안등,역삼1동794-3,37.4934661219,127.03725299799999
610,280,보안등,역삼1동792-46,37.4938950283,127.03716727
611,280,보안등,역삼1동792-32,37.4936283927,127.036968117
612,280,보안등,역삼1동794,37.4933292965,127.036845844
613,280,보안등,역삼1동794-1,37.4933688999,127.03697703600001
614,280,보안등,역삼1동794-16,37.4928821893,127.037506005
615,280,보안등,역삼1동793-8,37.493149136,127.036714584
616,280,보안등,역삼1동793-18,37.4928535832,127.03678680899999
617,280,보안등,역삼1동794-9,37.4930517,127.037121621
618,280,보안등,역삼1동793-22,37.4925653325,127.03655598799999
619,280,보안등,역삼1동793-20,37.4926733846,127.036777675
620,280,보안등,역삼1동793-30,37.4924715294,127.03687256100001
621,280,보안등,역삼1동793-14,37.4927997251,127.036130926
622,280,보안등,역삼1동794-20,37.4927055574,127.037614472
623,280,보안등,역삼1동795-15,37.493022596100005,127.037976484
624,280,보안등,역삼1동795-16,37.493087398600004,127.03819362899999
625,280,보안등,역삼1동795-11,37.4931990383,127.03845603
626,280,보안등,역삼1동796-8,37.493591808000005,127.038668822
627,280,보안등,역삼1동796-26,37.4932854077,127.03884506799999
628,280,보안등,역삼1동796-15,37.493397074499995,127.03902153
629,280,보안등,역삼1동796-14,37.4934438729,127.039184389
630,280,보안등,역삼1동796-13,37.4934834767,127.039306536
631,280,보안등,역삼1동797-24,37.4936419709,127.039555395
632,280,보안등,역삼1동797-21,37.4939915008,127.03973650799999
633,280,보안등,역삼1동798-1,37.493209375,127.03988988200001
634,280,보안등,역삼1동798-5,37.4930615747,127.03999383600001
635,280,보안등,역삼1동798-24,37.4928094253,127.039600188
636,280,보안등,역삼1동798-10,37.492931820500004,127.04002090600001
637,280,보안등,역삼1동 613-18,37.505134262,127.030595099
638,280,보안등,역삼1동 614-24,37.5050839047,127.030210548
639,280,보안등,역삼1동 613-12,37.504846003400004,127.03035069200001
640,280,보안등,역삼1동 613-6,37.504557745300005,127.03010176299999
641,280,보안등,역삼1동 614-10,37.5045001886,127.02967649700001
642,280,보안등,역삼1동 614-8,37.5043560595,127.029549773
643,280,보안등,역삼1동 623-1,37.504172165599996,127.02990255899999
644,280,보안등,역삼1동 623-9,37.5037973611,127.029848124
645,280,보안등,역삼1동 623-7,37.503667644800004,127.029734977
646,280,보안등,역삼1동 623-6,37.5036497153,127.029373066
647,280,보안등,역삼1동 618-1,37.503646215100005,127.028952351
648,280,보안등,역삼1동 670-7,37.5036005144,127.03765160399999
649,280,보안등,역삼1동 670-8,37.5036617177,127.037855206
650,280,보안등,역삼1동 671-29,37.5041445926,127.038054499
651,280,보안등,역삼1동671-29,37.5041445926,127.038054499
652,280,보안등,역삼1동 664-7,37.5047355349,127.03841670799999
653,280,보안등,역삼1동 664-6,37.5048220446,127.038376038
654,280,보안등,역삼1동 664-5,37.504980598,127.038448501
655,280,보안등,역삼1동 663-19,37.5053879155,127.038254182
656,280,보안등,역삼1동 664-1,37.505175195999996,127.038507411
657,280,보안등,역삼1동 663-4,37.5056617314,127.038530281
658,280,보안등,역삼1동 663,37.5056690715,127.038123131
659,280,보안등,역삼1동 675-3,37.5046480787,127.041262174
660,280,보안등,역삼1동 650-5,37.5072882493,127.03497975799999
661,280,보안등,역삼1동616-14,37.503516741,127.027825875
662,280,보안등,역삼1동 617-4,37.5031022998,127.027735246
663,280,보안등,역삼1동 617-6,37.5032716558,127.027875546
664,280,보안등,역삼1동 618-8,37.5032535497,127.028237442
665,280,보안등,역삼1동 618-7,37.5031634036,127.028427406
666,280,보안등,역삼1동 618-2,37.5035490187,127.028490886
667,280,보안등,역삼1동 616-9,37.5039671157,127.028364377
668,280,보안등,역삼1동 614-1,37.5039417504,127.028929846
669,280,보안등,역삼1동 613-22,37.5053324196,127.03083947100001
670,280,보안등,역삼1동 614-3,37.5039849229,127.02923748200001
671,280,보안등,역삼1동 623-2,37.5040604855,127.029726085
672,280,보안등,역삼1동 671-32,37.5042453925,127.038402885
673,280,보안등,역삼1동 672-3,37.5041335674,127.03871044899999
674,280,보안등,역삼1동 672-5,37.5038452012,127.038846014
675,280,보안등,역삼1동 671-25,37.5034415686,127.03879152
676,280,보안등,역삼1동 672-25,37.503513580500005,127.038999652
677,280,보안등,역삼1동 671-22,37.5032469767,127.038714515
678,280,보안등,역삼1동 671-16,37.503477743299996,127.038379873
679,280,보안등,역삼1동 671-24,37.5035893572,127.038719215
680,280,보안등,역삼1동 671-5,37.5038057591,127.03822623100001
681,280,보안등,역삼1동 671-13,37.5034273325,127.03823961
682,280,보안등,역삼1동 671-15,37.5031353612,127.03837969799999
683,280,보안등,역삼1동 670-16,37.5031499452,127.037859471
684,280,보안등,역삼1동 669-14,37.5029951293,127.037366303
685,280,보안등,역삼1동 670-10,37.503459937399995,127.037714867
686,280,보안등,역삼1동 669-12,37.5033447708,127.037203621
687,280,보안등,역삼1동 670-4,37.5037699293,127.03757026
688,280,보안등,역삼1동789-7,37.49472064,127.036235887
689,280,보안등,역삼1동792-35,37.4940537399,127.036737643
690,280,보안등,역삼1동792-34,37.4939239752,127.036800904
691,280,보안등,역삼1동792-22,37.493794360500004,127.036380182
692,280,보안등,역삼1동792-26,37.4940069548,127.036520505
693,280,보안등,역삼1동792-36,37.4941835045,127.036674381
694,280,보안등,역삼1동792-38,37.4940897379,127.036873357
695,280,보안등,역삼1동792-45,37.494057181,127.037257815
696,280,보안등,역삼1동792-42,37.4942735108,127.03697748200001
697,280,보안등,역삼1동792-43,37.4943239146,127.03714486700001
698,280,보안등,역삼1동792-52,37.494424730300004,127.037452497
699,280,보안등,역삼1동792-55,37.494193986199996,127.037723776
700,280,보안등,역삼1동792-57,37.4941146208,127.03796346799999
701,280,보안등,역삼1동791-13,37.494370428,127.03820785200001
702,280,보안등,역삼1동791-11,37.494431780999996,127.037945535
703,280,보안등,역삼1동 622-7,37.5033326363,127.02906984799999
704,280,보안등,역삼1동 622-6,37.5032497081,127.029214577
705,280,보안등,역삼1동 622-5,37.50317399,127.029350261
706,280,보안등,역삼1동 622-9,37.5030587728,127.028897839
707,280,보안등,역삼1동 621-11,37.502251434099996,127.029051334
708,280,보안등,역삼1동 621-7,37.5021433974,127.02870749
709,280,보안등,역삼1동 621-4,37.502096639,127.028318433
710,280,보안등,역삼1동 621-1,37.5019741927,127.027938395
711,280,보안등,역삼1동 619-13,37.5019310411,127.027526722
712,280,보안등,역삼1동 619-12,37.5020823794,127.027657966
713,280,보안등,역삼1동 834-36,37.493366108800004,127.03428121700001
714,280,보안등,역삼1동 834-38,37.4936184262,127.034159205
715,280,보안등,역삼1동 834-43,37.4939680573,127.034019145
716,280,보안등,역삼1동 692-7,37.5067159294,127.043647455
717,280,보안등,역삼1동 692-8,37.506842041599995,127.043724436
718,280,보안등,역삼1동 692-18,37.5072926791,127.043358253
719,280,보안등,역삼1동 692-19,37.507195309000004,127.043525586
720,280,보안등,역삼1동 691,37.5068603406,127.042964415
721,280,보안등,역삼1동 692-26,37.507303389499995,127.043634225
722,280,보안등,역삼1동 693-9,37.507530318600004,127.043969136
723,280,보안등,역삼1동 693,37.5078117142,127.043204736
724,280,보안등,역삼1동789-30,37.4941153818,127.03551640100001
725,280,보안등,역삼1동834-47,37.4943425626,127.03509132299999
726,280,보안등,역삼1동834-103,37.4937622265,127.03538506
727,280,보안등,역삼1동834-104,37.493704620100004,127.035190535
728,280,보안등,역삼1동834-58,37.493628853000004,127.035466415
729,280,보안등,역삼1동834-59,37.4935856454,127.035330699
730,280,보안등,역삼1동834-61,37.4933585984,127.035307976
731,280,보안등,역삼1동834-64,37.4932251557,127.03562001200001
732,280,보안등,역삼1동834-66,37.4931675483,127.035430012
733,280,보안등,역삼1동792-7,37.4934988816,127.03621268
734,280,보안등,역삼1동793-9,37.4930879026,127.036601474
735,280,보안등,역삼1동792-16,37.4937331365,127.03623541
736,280,보안등,역삼1동792-14,37.4939313871,127.036140518
737,280,보안등,역삼1동792-13,37.494025105700004,127.036095331
738,280,보안등,역삼1동792-25,37.494125904499995,127.036466284
739,280,보안등,역삼1동789-24,37.4943097434,127.036357816
740,280,보안등,역삼1동 622-20,37.5025939724,127.028409095
741,280,보안등,역삼1동 618-19,37.5026048581,127.028101485
742,280,보안등,역삼1동 619-8,37.5023382809,127.02759020399999
743,280,보안등,역삼1동 619-7,37.5021833385,127.027458959
744,280,보안등,역삼1동 619-6,37.502032,127.027327716
745,280,보안등,역삼1동 619-15,37.5016392611,127.0268933
746,280,보안등,역삼1동 619-22,37.5016211955,127.027092335
747,280,보안등,역삼1동 619-21,37.5014842239,127.027173712
748,280,보안등,역삼1동 619-19,37.5011634304,127.0273274
749,280,보안등,역삼1동 619-29,37.501022803000005,127.027630433
750,280,보안등,역삼1동 619-24,37.5013976604,127.027463195
751,280,보안등,역삼1동 621-16,37.5015273067,127.027883945
752,280,보안등,역삼1동 620-3,37.5015019394,127.028467489
753,280,보안등,역삼1동 621-24,37.5017469802,127.02860329299999
754,280,보안등,역삼1동836-34,37.4923931633,127.033787751
755,280,보안등,역삼1동836-32,37.4922093965,127.033651975
756,280,보안등,역삼1동836-78,37.492166078400004,127.033896204
757,280,보안등,역삼1동836-21,37.4909840112,127.033705702
758,280,보안등,역삼1동836-18,37.4914597804,127.033574746
759,280,보안등,역삼1동836-6,37.4917589916,127.033303495
760,280,보안등,역삼1동836-7,37.4917913959,127.033416587
761,280,보안등,역삼1동836-28,37.492054458,127.033529782
762,280,보안등,역삼1동836-27,37.4921661983,127.03347555399999
763,280,보안등,역삼1동615-3,37.504432221900004,127.02757287899999
764,280,보안등,역삼1동615-20,37.50455106,127.02797554600001
765,280,보안등,역삼1동615-27,37.5047743125,127.02879445100001
766,280,보안등,역삼1동615-29,37.5048823388,127.02917902200001
767,280,보안등,역삼1동614-17,37.5049831149,127.029726451
768,280,보안등,역삼1동604,37.505426326999995,127.030052349
769,280,보안등,역삼1동603-11,37.5057218728,127.02998913200001
770,280,보안등,역삼1동604-2,37.5058334957,127.030387283
771,280,보안등,역삼1동604-1,37.5055956617,127.030265041
772,280,보안등,역삼1동615-30,37.5049760064,127.029328347
773,280,보안등,역삼1동 664-18,37.5050812337,127.03928999600001
774,280,보안등,역삼1동 664-10,37.5051606226,127.038986937
775,280,보안등,역삼1동 664-14,37.5053732074,127.039145384
776,280,보안등,역삼1동 663-28,37.5057479141,127.03948035100001
777,280,보안등,역삼1동 663-27,37.505701113200004,127.039326512
778,280,보안등,역삼1동 664-4,37.505326411999995,127.038973451
779,280,보안등,역삼1동 664-11,37.5050020412,127.039000426
780,280,보안등,역삼1동 672-19,37.5045911664,127.039049975
781,280,보안등,역삼1동 673-3,37.5043603934,127.039398191
782,280,보안등,역삼1동 672-22,37.5041478029,127.03925784
783,280,보안등,역삼1동 673-5,37.504068420799996,127.039538276
784,280,보안등,역삼1동 673-25,37.5037440089,127.039687391
785,280,보안등,역삼1동 673-26,37.5035998237,127.039759695
786,280,보안등,역삼1동 672-33,37.5036215902,127.039334469
787,280,보안등,역삼1동 672-28,37.5037081723,127.039076658
788,280,보안등,역삼1동 672-16,37.5041009986,127.039113053
789,280,보안등,역삼1동 672-15,37.5042487859,127.039045273
790,280,보안등,역삼1동 672-14,37.504396573200005,127.038977492
791,280,보안등,역삼1동615-1,37.5043169824,127.02718831
792,280,보안등,역삼1동615-2,37.504374600700004,127.02738738
793,280,보안등,역삼1동 736-37,37.4993774335,127.034935355
794,280,보안등,역삼1동 827-32,37.4964808526,127.03116151299999
795,280,보안등,역삼1동 827-38,37.4967259562,127.03104853
796,280,보안등,역삼1동 824,37.4982652205,127.029705694
797,280,보안등,역삼1동 824-9,37.4975405875,127.030582954
798,280,보안등,역삼1동 671-30,37.5043211459,127.038190303
799,280,보안등,역삼1동 664-44,37.5048616093,127.038620347
800,280,보안등,역삼1동 792-26,37.4940069548,127.036520505
801,280,보안등,역삼1동615-31,37.5047381992,127.029093012
802,280,보안등,역삼1동614-7,37.5043489425,127.029183338
803,280,보안등,역삼1동615-33,37.5044823835,127.02880791
804,280,보안등,역삼1동615-45,37.5042553774,127.028613298
805,280,보안등,역삼1동615-21,37.5043924195,127.028242394
806,280,보안등,역삼1동616-8,37.5039455435,127.028147226
807,280,보안등,역삼1동616-7,37.5038482693,127.028002427
808,280,보안등,역삼1동615-17,37.5039997383,127.027577244
809,280,보안등,역삼1동615-11,37.5040682767,127.027310363
810,280,보안등,역삼1동617-5,37.503217640100004,127.027685527
811,280,보안등,역삼1동 674-5,37.504417800300004,127.04016275200001
812,280,보안등,역삼1동 674-7,37.5044825801,127.04043421799999
813,280,보안등,역삼1동 674-9,37.5042519891,127.04023956799999
814,280,보안등,역삼1동 674-10,37.5042915871,127.040375305
815,280,보안등,역삼1동 674-13,37.5040897727,127.040343529
816,280,보안등,역삼1동 674-15,37.5037148957,127.040515232
817,280,보안등,역삼1동 673-34,37.5037006216,127.040099034
818,280,보안등,역삼1동 673-17,37.5041800315,127.039877623
819,280,보안등,역삼1동 673-16,37.5043242152,127.03980984200001
820,280,보안등,역삼1동 673-14,37.5046161896,127.039665233
821,280,보안등,역삼1동 664-21,37.5053298327,127.03952537
822,280,보안등,역삼1동 672-12,37.5046885451,127.03883740399999
823,280,보안등,역삼1동 672,37.5045733245,127.03850710200001
824,280,보안등,역삼1동629-16,37.503172702600004,127.034140939
825,280,보안등,역삼1동638-6,37.5023259886,127.03333080700001
826,280,보안등,역삼1동664-27,37.5054486437,127.039887345
827,280,보안등,역삼1동697-28,37.5061316721,127.044732864
828,280,보안등,역삼1동620-11,37.5011163263,127.028394965
829,280,보안등,역삼1동639-3,37.5026609732,127.033995946
830,280,보안등,역삼1동643-8,37.501965024200004,127.035266791
831,280,보안등,역삼1동693-14,37.5081864058,127.043548781
832,280,보안등,역삼1동660-3,37.5055940624,127.035969706
833,280,보안등,역삼1동 648-12,37.500318931399995,127.03194116799999
834,280,보안등,역삼1동 678-29,37.5021691528,127.039383468
835,280,보안등,역삼1동810,37.503863181199996,127.025826476
836,280,보안등,역삼1동701상록회관뒷길,37.503861723200004,127.043161745
837,280,보안등,역삼1동 661-15,37.5061158246,127.03857123
838,280,보안등,역삼1동 661-28,37.506548113499996,127.03915957
839,280,보안등,역삼1동 606-18,37.5064885033,127.033789579
840,280,보안등,역삼1동 743,37.4972329338,127.035287183
841,280,보안등,역삼1동 678-28,37.502309733699995,127.039311162
842,280,보안등,역삼1동836-17,37.4918525071,127.033968431
843,280,보안등,역삼1동836-42,37.4918093015,127.03381915
844,280,보안등,역삼1동836-41,37.4916326743,127.033923101
845,280,보안등,역삼1동836-40,37.4914884949,127.033986359
846,280,보안등,역삼1동836-39,37.4913479183,127.034054141
847,280,보안등,역삼1동836-38,37.4912073402,127.034126446
848,280,보안등,역삼1동838-5,37.4903355806,127.032656074
849,280,보안등,역삼1동838-7,37.4904544029,127.03305415
850,280,보안등,역삼1동839,37.490558832,127.033366284
851,280,보안등,역삼1동836-24,37.4908975929,127.033429758
852,280,보안등,역삼1동839-3,37.4907028568,127.033845789
853,280,보안등,역삼1동839-4,37.4907640707,127.034035784
854,280,보안등,역삼1동839-6,37.4908756882,127.03440672299999
855,280,보안등,역삼1동836-68,37.4911747791,127.03455612100001
856,280,보안등,역삼1동836-65,37.4913947288,127.0341989
857,280,보안등,역삼1동836-63,37.491679485,127.034067861
858,280,보안등,역삼1동 683-6,37.508409796500004,127.043707254
859,280,보안등,역삼1동 683-7,37.5082944075,127.043870054
860,280,보안등,역삼1동 693-15,37.5077717575,127.044050711
861,280,보안등,역삼1동 683-8,37.5082222817,127.04399216200001
862,280,보안등,역삼1동 683-5,37.5084817778,127.04397421799999
863,280,보안등,역삼1동 683-3,37.508762916500004,127.04390652100001
864,280,보안등,역삼1동 683-21,37.508081654099996,127.04418209100001
865,280,보안등,역삼1동 683-23,37.5079986922,127.044367529
866,280,보안등,역삼1동 683-30,37.5077642842,127.044756458
867,280,보안등,역삼1동 683-13,37.508845706,127.044182541
868,280,보안등,역삼1동 683-15,37.5085429464,127.044241176
869,280,보안등,역삼1동 698-9,37.5063517942,127.04399558899999
870,280,보안등,역삼1동 698-18,37.5061643278,127.04414929299999
871,280,보안등,역삼1동 691-29,37.5059483433,127.04345700299999
872,280,보안등,역삼1동 691-28,37.505800593400004,127.043416201
873,280,보안등,역삼1동 691-26,37.5055123034,127.04333008
874,280,보안등,역삼1동 691-24,37.505696173000004,127.043153753
875,280,보안등,역삼1동 691-22,37.5059844632,127.043239874
876,280,보안등,역삼1동 691-13,37.5061971862,127.043004751
877,280,보안등,역삼1동 691-20,37.5062763573,127.04332599799999
878,280,보안등,역삼1동 685-6,37.507959833899996,127.042223099
879,280,보안등,역삼1동813-4,37.502706160100004,127.026414165
880,280,보안등,역삼1동810-7,37.503160312199995,127.026210755
881,280,보안등,역삼1동810-3,37.5035243644,127.02600278799999
882,280,보안등,역삼1동809-3,37.5038668491,127.025532429
883,280,보안등,역삼1동 683,37.5088820164,127.043454179
884,280,보안등,역삼1동 683-41,37.5086187994,127.04378881
885,280,보안등,역삼1동601-5,37.504447014899995,127.025908107
886,280,보안등,역삼1동601-21,37.504306369,127.02631068
887,280,보안등,역삼1동811,37.5037404982,127.02648691
888,280,보안등,역삼1동810-16,37.503704505500004,127.02627427899999
889,280,보안등,역삼1동810-14,37.503481042,127.02633753299999
890,280,보안등,역삼1동810-12,37.5032828006,127.02642794
891,280,보안등,역삼1동810-11,37.503189085900004,127.026473144
892,280,보안등,역삼1동813-2,37.5029043244,127.026667565
893,280,보안등,역삼1동812,37.5029691496,127.02687568200001
894,280,보안등,역삼1동812-9,37.5027204473,127.026984162
895,280,보안등,역삼1동812-16,37.5026231118,127.027101745
896,280,보안등,역삼1동813-10,37.5024970299,127.026843846
897,280,보안등,역삼1동813-11,37.5023528504,127.026925222
898,280,보안등,역삼1동619-4,37.501898726,127.02700196100001
899,280,보안등,역삼1동813-15,37.502298833299996,127.026735206
900,280,보안등,역삼1동619-2,37.5022590576,127.02730970399999
901,280,보안등,역삼1동812-15,37.502641084000004,127.027309843
902,280,보안등,역삼1동812-13,37.5028392853,127.02739586700001
903,280,보안등,역삼1동811-7,37.5032213681,127.02715172299999
904,280,보안등,역삼1동811-9,37.5031853796,127.02692552100001
905,280,보안등,역삼1동811-5,37.503455655399996,127.027038713
906,280,보안등,역삼1동616-1,37.5037078808,127.027283089
907,280,보안등,역삼1동811-3,37.503693579600004,127.026780941
908,280,보안등,역삼1동811-1,37.5036828084,127.026599985
909,280,보안등,역삼1동601-27,37.5040359586,127.026794635
910,280,보안등,역삼1동 677-22,37.5024754145,127.039623387
911,280,보안등,역삼1동 677-21,37.5025510152,127.039872233
912,280,보안등,역삼1동 677-19,37.5026986189,127.040347305
913,280,보안등,역삼1동 678-19,37.502353148000005,127.038809052
914,280,보안등,역삼1동 678-24,37.5020289029,127.038451511
915,280,보안등,역삼1동 678-12,37.5023461112,127.038284296
916,280,보안등,역삼1동 674-28,37.5042697636,127.040954345
917,280,보안등,역삼1동 674-25,37.504111334899996,127.040524494
918,280,보안등,역삼1동 674-29,37.504691545,127.040633381
919,280,보안등,역삼1동 674-33,37.5048933561,127.040674205
920,280,보안등,역삼1동 674-38,37.5051456873,127.040529577
921,280,보안등,역삼1동 674-39,37.5050844855,127.040335017
922,280,보안등,역삼1동 674-3,37.5047673949,127.04014936700001
923,280,보안등,역삼1동 674-42,37.5052718482,127.040470835
924,280,보안등,역삼1동 662-12,37.505675455,127.04059772299999
925,280,보안등,역삼1동 664-30,37.5053548748,127.0400773
926,280,보안등,역삼1동 664-33,37.505545849499995,127.0401905
927,280,보안등,역삼1동 664-31,37.5056792198,127.040127236
928,280,보안등,역삼1동 663-30,37.5058739135,127.039901143
929,280,보안등,역삼1동 664-23,37.5053982453,127.03971541
930,280,보안등,역삼1동 674-2,37.504929602,127.040072548
931,280,보안등,역삼1동671-7,37.5040111531,127.038334908
932,280,보안등,역삼1동833-7,37.4928007014,127.032783795
933,280,보안등,역삼1동608-3,37.504773188,127.033087605
934,280,보안등,역삼1동 797-9,37.494683677800005,127.039126234
935,280,보안등,역삼1동 609-1,37.5057498662,127.03312875200001
936,280,보안등,역삼1동672-19,37.5045911664,127.039049975
937,280,보안등,역삼1동637-15,37.5011909446,127.032529615
938,280,보안등,역삼1동812-12,37.5028140812,127.027291811
939,280,보안등,역삼1동601-3,37.5043822154,127.02557332
940,280,보안등,역삼1동637-16,37.5011369302,127.03236221600001
941,280,보안등,역삼1동637-19,37.500762118000004,127.032339436
942,280,보안등,역삼1동647-1,37.5005998523,127.032646973
943,280,보안등,역삼1동619-15,37.5016392611,127.0268933
944,280,보안등,역삼1동813,37.5028106878,127.026364441
945,280,보안등,역삼1동815-1,37.501098736399996,127.026544785
946,280,보안등,역삼1동815-4,37.500774336599996,127.02671204399999
947,280,보안등,역삼1동820-8,37.4992244077,127.027575488
948,280,보안등,역삼1동637-53,37.5016810992,127.032502685
949,280,보안등,역삼1동620-17,37.501026108400005,127.028878961
950,280,보안등,역삼1동615,37.5042521556,127.026989238
951,280,보안등,역삼1동 677-9,37.502972702600005,127.039822695
952,280,보안등,역삼1동 677-11,37.502846701399996,127.03940644299999
953,280,보안등,역삼1동 678-16,37.5026269433,127.03914395
954,280,보안등,역삼1동693-12,37.5078260273,127.043485235
955,280,보안등,역삼1동677-19,37.5026986189,127.040347305
956,280,보안등,역삼1동817-15,37.5002478548,127.02798298799999
957,280,보안등,역삼1동620-10,37.501047904,127.028168756
958,280,보안등,역삼1동 704-43,37.504898906,127.045234279
959,280,보안등,역삼1동 704-44,37.5047439643,127.04515275600001
960,280,보안등,역삼1동 704-30,37.504715204600004,127.044962736
961,280,보안등,역삼1동 704-32,37.505021511799995,127.045053398
962,280,보안등,역삼1동 704-34,37.5053386311,127.045144066
963,280,보안등,역삼1동 704-25,37.505363914499995,127.044999316
964,280,보안등,역삼1동830-14,37.4946894167,127.032038282
965,280,보안등,역삼1동830-15,37.494635400300005,127.03187542200001
966,280,보안등,역삼1동830-55,37.4944370373,127.032395511
967,280,보안등,역삼1동830-20,37.4943073467,127.032196432
968,280,보안등,역삼1동830-54,37.494318086999996,127.032458785
969,280,보안등,역삼1동830-52,37.4943901015,127.032698548
970,280,보안등,역삼1동830-67,37.4940981903,127.03264414200001
971,280,보안등,역삼1동830-7,37.495021204000004,127.031228756
972,280,보안등,역삼1동827-22,37.495457282800004,127.031260601
973,280,보안등,역삼1동827-19,37.495601517800004,127.030980215
974,280,보안등,역삼1동826-35,37.496005311,127.03043305700001
975,280,보안등,역삼1동826-29,37.4963045125,127.030170824
976,280,보안등,역삼1동825-24,37.4970254198,127.029768531
977,280,보안등,역삼1동827-43,37.4969422746,127.03075459899999
978,280,보안등,역삼1동827-3,37.4967621156,127.030591683
979,280,보안등,역삼1동827-8,37.4964809687,127.030718223
980,280,보안등,역삼1동824-12,37.4973929133,127.030230066
981,280,보안등,역삼1동824-13,37.4975875272,127.030243715
982,280,보안등,역삼1동825-1,37.4976023226,127.028723845
983,280,보안등,역삼1동825-30,37.4973102824,127.029189646
984,280,보안등,역삼1동825-22,37.4972525212,127.02957863700001
985,280,보안등,역삼1동825-27,37.496823685,127.029406579
986,280,보안등,역삼1동825-26,37.4968740985,127.029578488
987,280,보안등,역삼1동 631-13,37.502088317600005,127.03263405
988,280,보안등,역삼1동 637-1,37.5014217442,127.03200949299999
989,280,보안등,역삼1동 636-9,37.5013029077,127.03165207299999
990,280,보안등,역삼1동 637-17,37.501082918099996,127.032185771
991,280,보안등,역삼1동 637-14,37.5013459363,127.032461827
992,280,보안등,역삼1동 637-18,37.500917111999996,127.032262601
993,280,보안등,역삼1동 647-1,37.5005998523,127.032646973
994,280,보안등,역삼1동 647-2,37.5006538575,127.03284603600001
995,280,보안등,역삼1동 637-34,37.5009348676,127.033217097
996,280,보안등,역삼1동 637-46,37.501219704200004,127.032792
997,280,보안등,역삼1동 637-44,37.5014143391,127.03272875299999
998,280,보안등,역삼1동 637-27,37.5016161292,127.032855504
999,280,보안등,역삼1동 637-35,37.5008087306,127.03320347
1000,280,보안등,역삼1동 636-25,37.500856104,127.031294517
1001,280,보안등,역삼1동 648-2,37.5000307309,127.031488687
1002,280,보안등,역삼1동 648,37.5000272704,127.030945855
1003,280,보안등,역삼1동 678-23,37.501960494,127.038243386
1004,280,보안등,역삼1동 668-17,37.5023610929,127.036497431
1005,280,보안등,역삼1동 698-27,37.505512193499996,127.04362865899999
1006,280,보안등,역삼1동 700-28,37.5046689494,127.043365784
1007,280,보안등,역삼1동 699-14,37.5050402496,127.04313075600001
1008,280,보안등,역삼1동 700-21,37.5047628059,127.04294964200001
1009,280,보안등,역삼1동 700-25,37.5046149752,127.043130512
1010,280,보안등,역삼1동 699-13,37.5051843955,127.043171554
1011,280,보안등,역삼1동 691-25,37.505548423,127.04311295299999
1012,280,보안등,역삼1동 691-9,37.505602587,127.042827977
1013,280,보안등,역삼1동 699-4,37.5052818963,127.04264231399999
1014,280,보안등,역삼1동 699-8,37.5051016397,127.042796023
1015,280,보안등,역삼1동 700-15,37.504766524699996,127.042632973
1016,280,보안등,역삼1동 700-13,37.5049648207,127.042424987
1017,280,보안등,역삼1동 689-18,37.505483853200005,127.042275991
1018,280,보안등,역삼1동 691-6,37.5059414091,127.042706024
1019,280,보안등,역삼1동 691-4,37.506236907600005,127.04279214799999
1020,280,보안등,역삼1동 690-45,37.5062946651,127.042534315
1021,280,보안등,역삼1동 691-2,37.5065396141,127.04287827600001
1022,280,보안등,역삼1동 691-1,37.5066909665,127.042923602
1023,280,보안등,역삼1동 690-33,37.5070802907,127.042675005
1024,280,보안등,역삼1동 685-3,37.5076571077,127.04219126
1025,280,보안등,역삼1동 685-4,37.5077003041,127.042336054
1026,280,보안등,역삼1동830-27,37.4941308608,127.03178474299999
1027,280,보안등,역삼1동830-28,37.4942606471,127.03163100799999
1028,280,보안등,역삼1동830-35,37.4945958651,127.031468312
1029,280,보안등,역삼1동830-34,37.4946318583,127.031644734
1030,280,보안등,역삼1동830-8,37.4948626052,127.031310109
1031,280,보안등,역삼1동830-6,37.4950824233,127.031414236
1032,280,보안등,역삼1동 647-11,37.5003582162,127.03324398299999
1033,280,보안등,역삼1동 647-6,37.500480850500004,127.03289572
1034,280,보안등,역삼1동 636-21,37.5006686129,127.031602045
1035,280,보안등,역삼1동 636-11,37.501079468,127.031615789
1036,280,보안등,역삼1동 636-2,37.5010975544,127.031366996
1037,280,보안등,역삼1동 636-1,37.5010543469,127.031213174
1038,280,보안등,역삼1동 685-11,37.5077974938,127.042666365
1039,280,보안등,역삼1동 685-12,37.5079272597,127.042607626
1040,280,보안등,역삼1동 685-19,37.5079739808,127.042969578
1041,280,보안등,역삼1동 685-24,37.5082514408,127.043105459
1042,280,보안등,역삼1동 684-18,37.5085615244,127.04272561299999
1043,280,보안등,역삼1동 828-1,37.4973670548,127.032600331
1044,280,보안등,역삼1동 705-22,37.5050995242,127.048283503
1045,280,보안등,역삼1동 694-35,37.507681061199996,127.045620502
1046,280,보안등,역삼1동825-25,37.496974915500004,127.029958494
1047,280,보안등,역삼1동826-26,37.4965533254,127.029637165
1048,280,보안등,역삼1동826-8,37.4959442755,127.029514795
1049,280,보안등,역삼1동826-41,37.4958540576,127.02998066299999
1050,280,보안등,역삼1동826-34,37.4959585017,127.030265675
1051,280,보안등,역삼1동831-24,37.494862854299996,127.030355698
1052,280,보안등,역삼1동831-26,37.494970882800004,127.030713081
1053,280,보안등,역삼1동831-3,37.4947872438,127.030066178
1054,280,보안등,역삼1동831-32,37.4944411342,127.030545504
1055,280,보안등,역삼1동831-30,37.494700611199995,127.030595365
1056,280,보안등,역삼1동831-34,37.4945023132,127.030889296
1057,280,보안등,역삼1동831-7,37.4942177369,127.030341867
1058,280,보안등,역삼1동831-48,37.4942789084,127.030717321
1059,280,보안등,역삼1동831-46,37.4939256889,127.030812164
1060,280,보안등,역삼1동820-1,37.4996100446,127.027548488
1061,280,보안등,역삼1동817-10,37.5000064577,127.02767529399999
1062,280,보안등,역삼1동619-26,37.5009075604,127.02725945200001
1063,280,보안등,역삼1동817,37.5005507275,127.02740860200001
1064,280,보안등,역삼1동619-18,37.5011058046,127.027160004
1065,280,보안등,역삼1동619-16,37.501462643400004,127.02698371
1066,280,보안등,역삼1동813-17,37.502093419299996,127.026667277
1067,280,보안등,역삼1동601-11,37.5040830502,127.02571798
1068,280,보안등,역삼1동 668-18,37.5024150944,127.036687454
1069,280,보안등,역삼1동 669-16,37.502587924699995,127.03720776899999
1070,280,보안등,역삼1동 669-18,37.5026995435,127.03754258200001
1071,280,보안등,역삼1동 678,37.502569673,127.037936082
1072,280,보안등,역삼1동 670-22,37.5028363488,127.038004073
1073,280,보안등,역삼1동 678-1,37.5026380824,127.038144209
1074,280,보안등,역삼1동 678-2,37.502710094,127.038356862
1075,280,보안등,역삼1동 671-19,37.503012777399995,127.038524396
1076,280,보안등,역삼1동 678-4,37.5028469095,127.03877764100001
1077,280,보안등,역삼1동 678-5,37.502915315900005,127.038990293
1078,280,보안등,역삼1동 671,37.5040689475,127.03793231700001
1079,280,보안등,역삼1동 672-31,37.5032612046,127.03928451899999
1080,280,보안등,역삼1동 696-27,37.5065019736,127.047081029
1081,280,보안등,역삼1동 677-1,37.5030809159,127.039546803
1082,280,보안등,역삼1동 677-2,37.5031385196,127.039727784
1083,280,보안등,역삼1동 673-27,37.5034448264,127.039831994
1084,280,보안등,역삼1동 677-3,37.5031997254,127.03991329200001
1085,280,보안등,역삼1동 677-5,37.5033365384,127.040325029
1086,280,보안등,역삼1동 676,37.5032099935,127.041492096
1087,280,보안등,역삼1동 674-20,37.5039489995,127.040972265
1088,280,보안등,역삼1동 677-7,37.503087908699996,127.04018465799999
1089,280,보안등,역삼1동 683-42,37.5087378373,127.043503861
1090,280,보안등,역삼1동 793-3,37.4930087227,127.036248629
1091,280,보안등,역삼1동823-33,37.4980624616,127.03321130100001
1092,280,보안등,역삼1동741,37.4977703091,127.034007299
1093,280,보안등,역삼1동741-2,37.4974495703,127.03393930200001
1094,280,보안등,역삼1동740-1,37.4982024732,127.035097653
1095,280,보안등,역삼1동736-24,37.498544873,127.035039008
1096,280,보안등,역삼1동736-22,37.4987467853,127.034745074
1097,280,보안등,역삼1동736-17,37.4991865386,127.03453267200001
1098,280,보안등,역삼1동736-16,37.4994388743,127.034347322
1099,280,보안등,역삼1동735-32,37.4990857377,127.034148125
1100,280,보안등,역삼1동735-31,37.499056986199996,127.03386765299999
1101,280,보안등,역삼1동735-29,37.4989200346,127.03386306799999
1102,280,보안등,역삼1동735-41,37.498667793,127.033722725
1103,280,보안등,역삼1동735-23,37.4984297973,127.03417496700001
1104,280,보안등,역삼1동741-11,37.4979828352,127.03439189
1105,280,보안등,역삼1동741-5,37.4974350352,127.034350928
1106,280,보안등,역삼1동741-19,37.4973196006,127.034712749
1107,280,보안등,역삼1동741-9,37.4972764949,127.034224199
1108,280,보안등,역삼1동741-20,37.4971826517,127.034699115
1109,280,보안등,역삼1동741-33,37.4968763413,127.03459041200001
1110,280,보안등,역삼1동736-28,37.4988187588,127.035106988
1111,280,보안등,역삼1동736-42,37.499125028,127.03535140299999
1112,280,보안등,역삼1동 645-7,37.501752733400004,127.03408600799999
1113,280,보안등,역삼1동 644-2,37.5012697289,127.03431197200001
1114,280,보안등,역삼1동 644-24,37.5011147493,127.034334519
1115,280,보안등,역삼1동 644-17,37.5010209668,127.03460137100001
1116,280,보안등,역삼1동 646-11,37.5007939372,127.034519841
1117,280,보안등,역삼1동 646-6,37.5006606397,127.03434335799999
1118,280,보안등,역삼1동 646-22,37.500692992800005,127.034628362
1119,280,보안등,역삼1동 646-4,37.5006606922,127.03416241299999
1120,280,보안등,역삼1동 645-29,37.501024769000004,127.033918302
1121,280,보안등,역삼1동 644-16,37.501129069,127.03466475200001
1122,280,보안등,역삼1동 644-12,37.5014569965,127.03479609
1123,280,보안등,역삼1동 645-13,37.501323968899996,127.033687731
1124,280,보안등,역삼1동 645,37.501554708600004,127.033398319
1125,280,보안등,역삼1동 638-19,37.5018394838,127.03319488
1126,280,보안등,역삼1동 638-15,37.502005265,127.033208524
1127,280,보안등,역삼1동 638-14,37.5019440334,127.03307731
1128,280,보안등,역삼1동 638-5,37.5022900018,127.03314079399999
1129,280,보안등,역삼1동 638-7,37.502372796100005,127.033489158
1130,280,보안등,역삼1동 631-16,37.5022361299,127.03246221299999
1131,280,보안등,역삼1동 631-4,37.502441554200004,127.032480396
1132,280,보안등,역삼1동 638-4,37.502419725,127.033217755
1133,280,보안등,역삼1동 629-23,37.5028341978,127.033181749
1134,280,보안등,역삼1동 697-5,37.5060700664,127.04561499799999
1135,280,보안등,역삼1동 697-4,37.506214309099995,127.045402459
1136,280,보안등,역삼1동 697-3,37.5063405278,127.04519895700001
1137,280,보안등,역삼1동 697-1,37.506549692,127.04485526100001
1138,280,보안등,역삼1동 698-24,37.5066831912,127.04445723
1139,280,보안등,역삼1동 693-34,37.507220058499996,127.04480589799999
1140,280,보안등,역삼1동 695-20,37.5071082392,127.045054652
1141,280,보안등,역삼1동 697-18,37.5057672832,127.04573243600001
1142,280,보안등,역삼1동 697-16,37.5055797371,127.046085187
1143,280,보안등,역삼1동 697-14,37.5053994032,127.046424369
1144,280,보안등,역삼1동 697-54,37.505204811,127.04636091399999
1145,280,보안등,역삼1동 697-42,37.5054716693,127.045949403
1146,280,보안등,역삼1동 704-37,37.5053529013,127.04552408299999
1147,280,보안등,역삼1동 697-35,37.5057458888,127.045135264
1148,280,보안등,역삼1동 697-36,37.505731349499996,127.04545645399999
1149,280,보안등,역삼1동 697-34,37.5059332598,127.045234903
1150,280,보안등,역삼1동741-26,37.497092721,127.034115554
1151,280,보안등,역삼1동741-32,37.4967863172,127.034328014
1152,280,보안등,역삼1동828-35,37.4967107853,127.03379874299999
1153,280,보안등,역삼1동741-40,37.49649437,127.03440025399999
1154,280,보안등,역삼1동741-17,37.4974997379,127.034929957
1155,280,보안등,역삼1동740-5,37.4979970666,127.035020658
1156,280,보안등,역삼1동741-12,37.4980620484,127.034649764
1157,280,보안등,역삼1동 697-32,37.505825427800005,127.04447481700001
1158,280,보안등,역삼1동 697-53,37.5058253595,127.04465577399999
1159,280,보안등,역삼1동 697-52,37.5057928565,127.04483218799999
1160,280,보안등,역삼1동 645-16,37.5011328935,127.03390478
1161,280,보안등,역삼1동 645-14,37.501446455199996,127.033864209
1162,280,보안등,역삼1동 645-21,37.5007797536,127.033714628
1163,280,보안등,역삼1동 645-18,37.5010753093,127.033624288
1164,280,보안등,역삼1동 637-31,37.5011691418,127.03317196399999
1165,280,보안등,역삼1동 645-11,37.5013853208,127.03339372
1166,280,보안등,역삼1동 697-20,37.5060377486,127.045307349
1167,280,보안등,역삼1동 697-23,37.5062505102,127.04498175299999
1168,280,보안등,역삼1동 697-27,37.5062542036,127.04474650899999
1169,280,보안등,역삼1동 697-25,37.5064488669,127.04462447799999
1170,280,보안등,역삼1동 698-17,37.5064093452,127.04429872799999
1171,280,보안등,역삼1동 697-26,37.506283099,127.04457914
1172,280,보안등,역삼1동 698-21,37.506135439699996,127.04429856700001
1173,280,보안등,역삼1동736-40,37.499348509899995,127.03524294299999
1174,280,보안등,역삼1동736-51,37.4994061148,127.03544200600001
1175,280,보안등,역삼1동736-9,37.499795329,127.03551004399999
1176,280,보안등,역삼1동736-38,37.4994386536,127.03509823200001
1177,280,보안등,역삼1동736-36,37.4993270279,127.03476343700001
1178,280,보안등,역삼1동824-5,37.4980884449,127.03040676200001
1179,280,보안등,역삼1동824-7,37.4978469694,127.03042928100001
1180,280,보안등,역삼1동824-9,37.4975405875,127.030582954
1181,280,보안등,역삼1동827-44,37.4969710608,127.030931023
1182,280,보안등,역삼1동824-25,37.4975836976,127.03111221399999
1183,280,보안등,역삼1동827-45,37.497032271,127.031152696
1184,280,보안등,역삼1동827-38,37.4967259562,127.03104853
1185,280,보안등,역삼1동827-57,37.4968159008,127.031636609
1186,280,보안등,역삼1동827-82,37.496437536,127.03141932700001
1187,280,보안등,역삼1동827-55,37.4966429414,127.031509881
1188,280,보안등,역삼1동827-75,37.4960806904,127.03159558799999
1189,280,보안등,역삼1동827-27,37.4958393037,127.03128337700001
1190,280,보안등,역삼1동827-76,37.4961274991,127.031758449
1191,280,보안등,역삼1동827-73,37.4959508786,127.03184431700001
1192,280,보안등,역삼1동827-72,37.49579949,127.031916627
1193,280,보안등,역삼1동827-68,37.495734516700004,127.03228751200001
1194,280,보안등,역삼1동827-71,37.4957490787,127.031749242
1195,280,보안등,역삼1동 630-5,37.502812793400004,127.032390082
1196,280,보안등,역삼1동 631-1,37.5025100741,127.032322095
1197,280,보안등,역삼1동 631-15,37.5021965241,127.03232196
1198,280,보안등,역삼1동 632-14,37.5022723095,127.031951048
1199,280,보안등,역삼1동 632-13,37.5023984674,127.031887769
1200,280,보안등,역삼1동 632-12,37.5025606691,127.031810935
1201,280,보안등,역삼1동 630-1,37.5026615047,127.032095973
1202,280,보안등,역삼1동 630,37.5028309158,127.03201461799999
1203,280,보안등,역삼1동 625-10,37.5031444473,127.032082609
1204,280,보안등,역삼1동 625-11,37.5031948581,127.03225001
1205,280,보안등,역삼1동 625-15,37.5032488701,127.032426461
1206,280,보안등,역삼1동 624-29,37.5031986888,127.031408589
1207,280,보안등,역삼1동 624-28,37.5033861015,127.031395096
1208,280,보안등,역삼1동 633-28,37.5022724851,127.031295108
1209,280,보안등,역삼1동 633-16,37.501894003800004,127.031516611
1210,280,보안등,역삼1동 633-15,37.5018291663,127.03138539700001
1211,280,보안등,역삼1동 633-14,37.501767947,127.0311999
1212,280,보안등,역삼1동 636-33,37.5012814349,127.03108208200001
1213,280,보안등,역삼1동 636,37.5013138186,127.03128113700001
1214,280,보안등,역삼1동 633-7,37.5027410986,127.030951499
1215,280,보안등,역삼1동 637-7,37.5017316163,127.03228104700001
1216,280,보안등,역삼1동 697-50,37.5057639589,127.04500408
1217,280,보안등,역삼1동 704-46,37.5050753481,127.04563701200001
1218,280,보안등,역삼1동 704-62,37.5048230002,127.045808765
1219,280,보안등,역삼1동 704-21,37.5052414654,127.04476852399999
1220,280,보안등,역삼1동 704-28,37.5048954434,127.044863319
1221,280,보안등,역삼1동 703-6,37.5045244275,127.044338329
1222,280,보안등,역삼1동 704-16,37.504956835,127.044537636
1223,280,보안등,역삼1동 704-15,37.505111792600005,127.04457844299999
1224,280,보안등,역삼1동 704-13,37.5054253081,127.044669108
1225,280,보안등,역삼1동 704-11,37.5056199782,127.044528982
1226,280,보안등,역삼1동 698-31,37.5055768895,127.044103708
1227,280,보안등,역삼1동 698-29,37.5053570679,127.044040244
1228,280,보안등,역삼1동 704-5,37.5048632732,127.044157575
1229,280,보안등,역삼1동 703-1,37.5044236316,127.044026124
1230,280,보안등,역삼1동 700-34,37.504600306,127.04381813
1231,280,보안등,역삼1동 700-30,37.5047625573,127.04362822200001
1232,280,보안등,역삼1동 699-25,37.5050652196,127.043831974
1233,280,보안등,역삼1동 698-28,37.505472468899995,127.043845783
1234,280,보안등,역삼1동830-11,37.4950318469,127.03186202
1235,280,보안등,역삼1동830-12,37.494891296,127.03183934399999
1236,280,보안등,역삼1동830-65,37.495183115500005,127.032232995
1237,280,보안등,역삼1동830-60,37.494750577800005,127.03243183299999
1238,280,보안등,역삼1동 629-22,37.5028810042,127.033344625
1239,280,보안등,역삼1동 630-11,37.502845102100004,127.03285151899999
1240,280,보안등,역삼1동 631-18,37.502531571,127.032783526
1241,280,보안등,역삼1동740-12,37.4977483041,127.03530551899999
1242,280,보안등,역삼1동744,37.4973516193,127.036105979
1243,280,보안등,역삼1동743-6,37.4973156809,127.03577122799999
1244,280,보안등,역삼1동743,37.4972329338,127.035287183
1245,280,보안등,역삼1동741-22,37.4973267206,127.03501129799999
1246,280,보안등,역삼1동743-1,37.497045550100005,127.03520115
1247,280,보안등,역삼1동740-23,37.4980114384,127.035169939
1248,280,보안등,역삼1동742-2,37.4966779866,127.035042659
1249,280,보안등,역삼1동742-1,37.4966382939,127.03520548200001
1250,280,보안등,역삼1동 625-5,37.503479622600004,127.03207822799999
1251,280,보안등,역삼1동 625-12,37.5035516389,127.032313497
1252,280,보안등,역삼1동 626-21,37.503706482199995,127.03278404
1253,280,보안등,역삼1동 662-3,37.5064685722,127.03991503200001
1254,280,보안등,역삼1동 661-33,37.506328161300004,127.03948065600001
1255,280,보안등,역삼1동 663-16,37.506007321700004,127.03972478
1256,280,보안등,역삼1동 661-27,37.506245359299996,127.039209175
1257,280,보안등,역삼1동 663-9,37.5059426756,127.039046155
1258,280,보안등,역삼1동 663-18,37.506064915799996,127.03993291299999
1259,280,보안등,역삼1동738-6,37.4990020435,127.03681696700001
1260,280,보안등,역삼1동739-1,37.4990201786,127.03644604600001
1261,280,보안등,역삼1동739-2,37.4988796579,127.03632836700001
1262,280,보안등,역삼1동739-20,37.4976469948,127.03660822299999
1263,280,보안등,역삼1동738,37.498573267,127.036486541
1264,280,보안등,역삼1동739-6,37.4985986036,127.03613372
1265,280,보안등,역삼1동739,37.4991139417,127.036256104
1266,280,보안등,역삼1동736-55,37.4996366536,127.035835665
1267,280,보안등,역삼1동739-3,37.4989806289,127.03613842799999
1268,280,보안등,역삼1동736-46,37.499020391500004,127.035749423
1269,280,보안등,역삼1동739-8,37.498530251,127.035726572
1270,280,보안등,역삼1동739-12,37.4981914329,127.03585759200001
1271,280,보안등,역삼1동740-4,37.4981086673,127.035436869
1272,280,보안등,역삼1동740-17,37.4976724889,127.03573973399999
1273,280,보안등,역삼1동740-11,37.4977698658,127.03551360799999
1274,280,보안등,역삼1동742-3,37.4965554618,127.03500189100001
1275,280,보안등,역삼1동742-8,37.4963464081,127.03506964399999
1276,280,보안등,역삼1동 610-5,37.5052995731,127.032373061
1277,280,보안등,역삼1동 609-7,37.5049823982,127.03244983
1278,280,보안등,역삼1동 626-10,37.5043950379,127.032101239
1279,280,보안등,역삼1동 626-15,37.504171486,127.032476622
1280,280,보안등,역삼1동 626-16,37.5040993694,127.03260778200001
1281,280,보안등,역삼1동 626-6,37.5041641502,127.03293805
1282,280,보안등,역삼1동 626-28,37.5040090834,127.033272745
1283,280,보안등,역삼1동 608-26,37.504182042,127.033394965
1284,280,보안등,역삼1동 608-33,37.5043621169,127.03383838299999
1285,280,보안등,역삼1동 608-8,37.5044521876,127.033942472
1286,280,보안등,역삼1동 608-7,37.504488288699996,127.033729867
1287,280,보안등,역삼1동 608-5,37.5046505558,127.03342684100001
1288,280,보안등,역삼1동 608-1,37.5046578872,127.03298803
1289,280,보안등,역삼1동 608-29,37.5045497146,127.03317346
1290,280,보안등,역삼1동 626-27,37.5038613465,127.033173156
1291,280,보안등,역삼1동 626-22,37.5037676964,127.03297859
1292,280,보안등,역삼1동 626-17,37.503926386399996,127.032571516
1293,280,보안등,역삼1동 625-1,37.5039481589,127.032028667
1294,280,보안등,역삼1동 626-11,37.5042076325,127.032087588
1295,280,보안등,역삼1동 625-20,37.5034075997,127.031865579
1296,280,보안등,역삼1동 625-2,37.5038255717,127.032214091
1297,280,보안등,역삼1동 625-3,37.5036164517,127.032530667
1298,280,보안등,역삼1동 624-31,37.5033896549,127.031585097
1299,280,보안등,역삼1동 625-9,37.5030868344,127.031892586
1300,280,보안등,역삼1동 669-2,37.5037233121,127.036823809
1301,280,보안등,역삼1동 669-3,37.5035971798,127.036796604
1302,280,보안등,역삼1동 670,37.5038456998,127.037298869
1303,280,보안등,역삼1동 666-12,37.5042892613,127.036444084
1304,280,보안등,역삼1동 667-14,37.5039145154,127.036208663
1305,280,보안등,역삼1동 669-10,37.5037196444,127.03702737799999
1306,280,보안등,역삼1동 668-5,37.5035108442,127.036276325
1307,280,보안등,역삼1동 668-7,37.5031539931,127.036448056
1308,280,보안등,역삼1동 668-10,37.5032080003,127.036619985
1309,280,보안등,역삼1동 668-12,37.502998943200005,127.03669678700001
1310,280,보안등,역삼1동 669-9,37.5029231287,127.037112936
1311,280,보안등,역삼1동 662,37.506706518200005,127.039675387
1312,280,보안등,역삼1동 656-20,37.5071392459,127.03893820200001
1313,280,보안등,역삼1동 655-23,37.5073375295,127.038748295
1314,280,보안등,역삼1동 656-18,37.507042068000004,127.038540038
1315,280,보안등,역삼1동 656-15,37.5069304624,127.038173537
1316,280,보안등,역삼1동 655-17,37.507103534,127.03792932799999
1317,280,보안등,역삼1동 656-17,37.5069952673,127.038381674
1318,280,보안등,역삼1동742-17,37.4961627996,127.034400102
1319,280,보안등,역삼1동742-29,37.4960043481,127.03396578799999
1320,280,보안등,역삼1동828-55,37.4961810566,127.03357686
1321,280,보안등,역삼1동753-1,37.495755766100004,127.033630949
1322,280,보안등,역삼1동752-25,37.4954313274,127.03389767899999
1323,280,보안등,역삼1동 629-21,37.5030107656,127.033285873
1324,280,보안등,역삼1동 626-32,37.5035657159,127.033530405
1325,280,보안등,역삼1동 626-30,37.5037243479,127.033335952
1326,280,보안등,역삼1동 626-7,37.5040920318,127.033073733
1327,280,보안등,역삼1동 627-11,37.5038249596,127.03438552200001
1328,280,보안등,역삼1동 628-5,37.5036770795,127.034779025
1329,280,보안등,역삼1동 628-3,37.5039978601,127.034702269
1330,280,보안등,역삼1동 628-1,37.5042970349,127.034562168
1331,280,보안등,역삼1동 628,37.5044448196,127.034494379
1332,280,보안등,역삼1동 656-5,37.5065990754,127.037603346
1333,280,보안등,역삼1동 657-40,37.5064802346,127.037313752
1334,280,보안등,역삼1동 657-37,37.506465884,127.03710564200001
1335,280,보안등,역삼1동 657-38,37.5063253074,127.037168908
1336,280,보안등,역삼1동 660-28,37.5060188842,127.03742662100001
1337,280,보안등,역삼1동 656,37.5067072649,127.037386249
1338,280,보안등,역삼1동 656-1,37.5067540684,127.03754008799999
1339,280,보안등,역삼1동 655-13,37.506912748299996,127.037214439
1340,280,보안등,역삼1동 655-1,37.5070966229,127.03699285399999
1341,280,보안등,역삼1동 655-6,37.5071289467,127.03735026700001
1342,280,보안등,역삼1동 657-36,37.5066064664,127.03702428
1343,280,보안등,역삼1동742-26,37.4956871873,127.033988261
1344,280,보안등,역삼1동742-25,37.4957520154,127.034142084
1345,280,보안등,역삼1동750-3,37.4957698881,127.034648705
1346,280,보안등,역삼1동750-7,37.495903133,127.03500158700001
1347,280,보안등,역삼1동750-12,37.4958490162,127.035191542
1348,280,보안등,역삼1동750-23,37.4955319464,127.034906424
1349,280,보안등,역삼1동750-4,37.4956653381,127.03476174
1350,280,보안등,역삼1동750-24,37.4954274603,127.034802339
1351,280,보안등,역삼1동752-8,37.4953698756,127.034530914
1352,280,보안등,역삼1동752-7,37.4955032523,127.034435986
1353,280,보안등,역삼1동752-20,37.4951717318,127.03426394899999
1354,280,보안등,역삼1동752-21,37.4950960813,127.034146309
1355,280,보안등,역삼1동752-31,37.4950132694,127.03386582700001
1356,280,보안등,역삼1동752-29,37.495143039,127.033779943
1357,280,보안등,역삼1동752-32,37.4949664688,127.033684875
1358,280,보안등,역삼1동752-49,37.4946818021,127.033503816
1359,280,보안등,역삼1동752-37,37.494728555100004,127.033852129
1360,280,보안등,역삼1동752-45,37.4944943154,127.03377512799999
1361,280,보안등,역삼1동752-39,37.4946383738,127.03413253
1362,280,보안등,역삼1동 626-24,37.5035658459,127.03306897700001
1363,280,보안등,역삼1동 626-25,37.5033532403,127.032955789
1364,280,보안등,역삼1동 607-16,37.5046430883,127.034331611
1365,280,보안등,역삼1동 608-15,37.505083001100004,127.03355822700001
1366,280,보안등,역삼1동 607-25,37.5052558608,127.034024266
1367,280,보안등,역삼1동 641-18,37.5027543091,127.035253591
1368,280,보안등,역삼1동 641-1,37.5029525708,127.035117971
1369,280,보안등,역삼1동 641-7,37.5028911452,127.035642699
1370,280,보안등,역삼1동 641-17,37.502581291700004,127.035334937
1371,280,보안등,역삼1동 643-7,37.502105604,127.03518995399999
1372,280,보안등,역삼1동 641-14,37.5021163077,127.035551856
1373,280,보안등,역삼1동 642-2,37.5013954308,127.035791269
1374,280,보안등,역삼1동 642-3,37.5012872689,127.035926927
1375,280,보안등,역삼1동 644-19,37.5011578158,127.03495427899999
1376,280,보안등,역삼1동 656-3,37.5068512947,127.037798005
1377,280,보안등,역삼1동 656-37,37.5067287276,127.037892947
1378,280,보안등,역삼1동 661-8,37.506270877,127.03832701600001
1379,280,보안등,역삼1동 661-17,37.506404116599995,127.038661858
1380,280,보안등,역삼1동 656-25,37.5069590822,127.03882500799999
1381,280,보안등,역삼1동 656-12,37.5064151619,127.037942552
1382,280,보안등,역삼1동 661,37.50617371,127.03788814200001
1383,280,보안등,역삼1동 657-32,37.5065632606,127.036888539
1384,280,보안등,역삼1동 657-30,37.5062245011,127.036829561
1385,280,보안등,역삼1동 660-21,37.5059109019,127.036987745
1386,280,보안등,역삼1동 657-23,37.505983115999996,127.036558006
1387,280,보안등,역삼1동 657-21,37.506264270100004,127.036426948
1388,280,보안등,역삼1동 658-19,37.5067363688,127.036517657
1389,280,보안등,역삼1동 658-17,37.5066283568,127.036164734
1390,280,보안등,역삼1동 658-15,37.5065275462,127.03582991100001
1391,280,보안등,역삼1동 651-18,37.5070466207,127.035513478
1392,280,보안등,역삼1동 651-13,37.5072662544,127.03621028200001
1393,280,보안등,역삼1동 651-12,37.5071584077,127.03530542600001
1394,280,보안등,역삼1동 658-26,37.5066574137,127.035422814
1395,280,보안등,역삼1동 659-12,37.5062466177,127.03521451799999
1396,280,보안등,역삼1동 659-11,37.5062034098,127.035078779
1397,280,보안등,역삼1동 659-13,37.5060664369,127.035146574
1398,280,보안등,역삼1동 659-15,37.5059222572,127.035209841
1399,280,보안등,역삼1동 659-19,37.5056050656,127.03533636200001
1400,280,보안등,역삼1동 659-14,37.5061096447,127.035282313
1401,280,보안등,역삼1동 659-20,37.5056699,127.035463063
1402,280,보안등,역삼1동 659-22,37.5055185108,127.03553085
1403,280,보안등,역삼1동 659-28,37.5053671174,127.03561220799999
1404,280,보안등,역삼1동 659-26,37.5050643332,127.035765877
1405,280,보안등,역삼1동 659-25,37.5050211287,127.03562109200001
1406,280,보안등,역삼1동 666-15,37.504750642800005,127.036227162
1407,280,보안등,역삼1동 667-5,37.5045020744,127.035869657
1408,280,보안등,역삼1동 667-19,37.5043830797,127.036073174
1409,280,보안등,역삼1동 666-1,37.504977678,127.036286082
1410,280,보안등,역삼1동750-8,37.496011179899995,127.035250421
1411,280,보안등,역삼1동749-4,37.4963030002,127.035603381
1412,280,보안등,역삼1동749,37.496512006399996,127.03569394700001
1413,280,보안등,역삼1동744-6,37.4966596905,127.03596089700001
1414,280,보안등,역삼1동749-26,37.496392926300004,127.03617789100001
1415,280,보안등,역삼1동744-4,37.496836294699996,127.035938365
1416,280,보안등,역삼1동744-3,37.496998481300004,127.035920349
1417,280,보안등,역삼1동 606-16,37.5060993117,127.03364011299999
1418,280,보안등,역삼1동 609-10,37.5056272211,127.033513231
1419,280,보안등,역삼1동 609-12,37.5054867001,127.033386499
1420,280,보안등,역삼1동 607-4,37.5055874736,127.033875127
1421,280,보안등,역삼1동 609-14,37.505338971,127.033259764
1422,280,보안등,역삼1동 609-15,37.505238113000004,127.033065191
1423,280,보안등,역삼1동 609-17,37.5050831477,127.033037979
1424,280,보안등,역삼1동 609-21,37.5047300368,127.032739248
1425,280,보안등,역삼1동749-12,37.4953226982,127.03562553200001
1426,280,보안등,역삼1동749-10,37.495647070100006,127.03559402299999
1427,280,보안등,역삼1동749-8,37.4958633226,127.035557938
1428,280,보안등,역삼1동 661-3,37.5058384838,127.03805083399999
1429,280,보안등,역삼1동 660-33,37.5057809138,127.037756749
1430,280,보안등,역삼1동 661-12,37.505950069200004,127.038480666
1431,280,보안등,역삼1동 663-2,37.5056726052,127.038340281
1432,280,보안등,역삼1동 663-5,37.505831076,127.038666086
1433,280,보안등,역삼1동 663-7,37.5058778748,127.038828972
1434,280,보안등,역삼1동 661-19,37.5061734252,127.03876579
1435,280,보안등,역삼1동 661-26,37.5063931751,127.039055437
1436,280,보안등,역삼1동744-12,37.497174968,127.03628230700001
1437,280,보안등,역삼1동739-15,37.4977192354,127.036088062
1438,280,보안등,역삼1동744-14,37.4974127989,127.03639550700001
1439,280,보안등,역삼1동739-18,37.4977911782,127.036535918
1440,280,보안등,역삼1동738-23,37.4982019119,127.036938708
1441,280,보안등,역삼1동738-25,37.498302688,127.037373011
1442,280,보안등,역삼1동739-13,37.4982417775,127.036224018
1443,280,보안등,역삼1동738-18,37.4983641466,127.036766895
1444,280,보안등,역삼1동738-17,37.498421750300004,127.03696143299999
1445,280,보안등,역삼1동739-5,37.4988040427,127.03610215399999
1446,280,보안등,역삼1동738-7,37.4990884651,127.037056756
1447,280,보안등,역삼1동 610-1,37.5057031737,127.032554192
1448,280,보안등,역삼1동 605-11,37.506081525700004,127.032807698
1449,280,보안등,역삼1동 605-13,37.5063770942,127.032667584
1450,280,보안등,역삼1동 609-11,37.5056705269,127.033309674
1451,280,보안등,역삼1동 606-10,37.5062111171,127.03335515399999
1452,280,보안등,역삼1동 606-8,37.506495871700004,127.033224085
1453,280,보안등,역삼1동 606-13,37.5064922026,127.03345480600001
1454,280,보안등,역삼1동 606-15,37.5063011638,127.0335452
1455,280,보안등,역삼1동 607-1,37.5058649715,127.03391596799999
1456,280,보안등,역삼1동 623-3,37.5039451818,127.02962651600001
1457,280,보안등,역삼1동 626,37.504607669,127.03212395
1458,280,보안등,역삼1동 609-16,37.5051408625,127.032857049
1459,280,보안등,역삼1동 609-13,37.5054363215,127.03311051799999
1460,280,보안등,역삼1동 610-2,37.5056851086,127.032717046
1461,280,보안등,역삼1동 610-3,37.5055265692,127.032581259
1462,280,보안등,역삼1동 660-7,37.505478648,127.036250133
1463,280,보안등,역삼1동 660-27,37.5056549111,127.037322389
1464,280,보안등,역삼1동 657-5,37.506059051,127.035739208
1465,280,보안등,역삼1동 660-6,37.5056336445,127.03617330200001
1466,280,보안등,역삼1동 660-13,37.505777684099996,127.03656695299999
1467,280,보안등,역삼1동 657-18,37.506080491599995,127.036340904
1468,280,보안등,역삼1동 657-13,37.506159859099995,127.036083077
1469,280,보안등,역삼1동 657-7,37.5057778977,127.035870268
1470,280,보안등,역삼1동 660-12,37.5053163849,127.036516965
1471,280,보안등,역삼1동 660-11,37.5054533572,127.03645369700001
1472,280,보안등,역삼1동 660-22,37.505799161599995,127.037037453
1473,280,보안등,역삼1동 660-19,37.505615413200005,127.036856405
1474,280,보안등,역삼1동 660-29,37.5058747033,127.037489884
1475,280,보안등,역삼1동 661-1,37.5060619679,127.03794237299999
1476,280,보안등,역삼1동 741-15,37.497651175,127.034699332
1477,280,보안등,역삼1동 692-5,37.506935906100004,127.04329018700001
1478,280,보안등,역삼1동 696-42,37.5056655027,127.047921954
1479,280,보안등,역삼1동 696-19,37.5057557258,127.04761890799999
1480,280,보안등,역삼1동 696-20,37.505842267800006,127.047505865
1481,280,보안등,역삼1동751-1,37.4947175652,127.03446728799999
1482,280,보안등,역삼1동752-19,37.4949843198,127.03427291
1483,280,보안등,역삼1동752-15,37.4950491026,127.03458052299999
1484,280,보안등,역삼1동752-11,37.495294177800005,127.03457611200001
1485,280,보안등,역삼1동751-8,37.495099313800004,127.03540830799999
1486,280,보안등,역삼1동750-20,37.495351704899996,127.03504203899999
1487,280,보안등,역삼1동750-18,37.4952146968,127.03522743
1488,280,보안등,역삼1동750-21,37.4954526311,127.034996853
1489,280,보안등,역삼1동829-21,37.495737851,127.03326002899999
1490,280,보안등,역삼1동829-3,37.4958315174,127.03339577
1491,280,보안등,역삼1동828-78,37.4963865144,127.03347743799999
1492,280,보안등,역삼1동828-12,37.4965740472,127.033038754
1493,280,보안등,역삼1동828-13,37.4967254366,127.032966446
1494,280,보안등,역삼1동828-16,37.4970137725,127.03291681600001
1495,280,보안등,역삼1동828-44,37.4972875796,127.03326976299999
1496,280,보안등,역삼1동828-18,37.4971003344,127.032681636
1497,280,보안등,역삼1동828-21,37.497579578,127.033012056
1498,280,보안등,역삼1동823-14,37.4976086865,127.032007865
1499,280,보안등,역삼1동828-14,37.4968371954,127.032844364
1500,280,보안등,역삼1동823-8,37.498210470100005,127.032333812
1501,280,보안등,역삼1동735-10,37.4990896099,127.033207233
1502,280,보안등,역삼1동735-15,37.4985273042,127.033482917
1503,280,보안등,역삼1동735-16,37.4983218491,127.033573295
1504,280,보안등,역삼1동 644-18,37.501294762,127.034976961
1505,280,보안등,역삼1동 642-1,37.5016369482,127.035633055
1506,280,보안등,역삼1동 644-9,37.5016046435,127.03519424299999
1507,280,보안등,역삼1동 644-8,37.501640718699996,127.035076644
1508,280,보안등,역삼1동 644-7,37.501622773499996,127.03482330899999
1509,280,보안등,역삼1동 643-14,37.5017958648,127.034488636
1510,280,보안등,역삼1동 639-16,37.502120350300004,127.03406355700001
1511,280,보안등,역삼1동 643-2,37.5020157063,127.03450230899999
1512,280,보안등,역삼1동 643-3,37.5020697083,127.034701377
1513,280,보안등,역삼1동791-20,37.4940783975,127.03852885299999
1514,280,보안등,역삼1동694-35,37.507681061199996,127.045620502
1515,280,보안등,역삼1동834-50,37.494054326,127.03480170200001
1516,280,보안등,역삼1동696-28,37.5066460766,127.04722588700001
1517,280,보안등,역삼1동 640-20,37.5023832103,127.034864376
1518,280,보안등,역삼1동 643-6,37.502238973000004,127.035122161
1519,280,보안등,역삼1동 640-3,37.502833896999995,127.03423578399999
1520,280,보안등,역삼1동 640-1,37.5029708091,127.034376083
1521,280,보안등,역삼1동 640-6,37.5026031434,127.034565911
1522,280,보안등,역삼1동 639-10,37.5023149256,127.034208404
1523,280,보안등,역삼1동 629-10,37.5030610845,127.033769939
1524,280,보안등,역삼1동 638-1,37.5027079689,127.033493831
1525,280,보안등,역삼1동 639-5,37.5025817509,127.033765199
1526,280,보안등,역삼1동 638-8,37.5021889756,127.03354336
1527,280,보안등,역삼1동 639-7,37.5024303573,127.03385108200001
1528,280,보안등,역삼1동 645-3,37.501806911799996,127.03367437700001
1529,280,보안등,역삼1동 696-33,37.5061667058,127.047316064
1530,280,보안등,역삼1동 696-25,37.5062497929,127.046827529
1531,280,보안등,역삼1동 694-6,37.506747317199995,127.04639806
1532,280,보안등,역삼1동 694-13,37.5069383976,127.046226266
1533,280,보안등,역삼1동 694-14,37.5070429796,127.04605894299999
1534,280,보안등,역삼1동 694-17,37.5073495142,127.04556148799999
1535,280,보안등,역삼1동 694-18,37.5074504894,127.04539868399999
1536,280,보안등,역삼1동 683-43,37.507486644000004,127.045100119
1537,280,보안등,역삼1동 694-1,37.5072558428,127.045475474
1538,280,보안등,역삼1동 694-3,37.5070538901,127.045805605
1539,280,보안등,역삼1동 695-14,37.5064448389,127.04573284899999
1540,280,보안등,역삼1동 695-13,37.5063510765,127.045882083
1541,280,보안등,역삼1동 696-11,37.5061272993,127.046718877
1542,280,보안등,역삼1동 696-9,37.5058605982,127.04672775899999
1543,280,보안등,역삼1동 696-16,37.5057197783,127.047388165
1544,280,보안등,역삼1동 697-11,37.505283922800004,127.04680883
1545,280,보안등,역삼1동 697-8,37.5057022119,127.0462436
1546,280,보안등,역삼1동 697-7,37.5058067991,127.046062707
1547,280,보안등,역삼1동 695-10,37.506076998000005,127.04632526200001
1548,280,보안등,역삼1동823-5,37.4982754777,127.031836258
1549,280,보안등,역삼1동823-7,37.4984051072,127.03226152100001
1550,280,보안등,역삼1동823-21,37.499053819299995,127.032307035
1551,240,CCTV,역삼동 722-9 (역삼2동성당 주변),37.500955,127.041796
1552,240,CCTV,역삼동 614-8,37.504353,127.029811
1553,240,CCTV,역삼동 603,37.505123,127.02948899999998
1554,240,CCTV,역삼동 619-10,37.502332,127.02811
1555,240,CCTV,역삼동 637-41,37.501974,127.032911
1556,240,CCTV,역삼동 655-13,37.506711,127.037181
1557,240,CCTV,역삼동 667-3,37.504949,127.035894
1558,240,CCTV,역삼동 691-2,37.506575,127.042766
1559,240,CCTV,역삼동 693-14,37.508302,127.043544
1560,240,CCTV,역삼동 704-24,37.505583,127.044954
1561,240,CCTV,역삼동 705,37.50474000000001,127.046789
1562,240,CCTV,역삼동 815-10,37.501681,127.026753
1563,240,CCTV,역삼동 660-9,37.505779,127.036414
1564,240,CCTV,역삼동 671-12,37.503698,127.038839
1565,240,CCTV,역삼동 703-9,37.504527,127.045076
1566,240,CCTV,역삼동 735-17,37.498033,127.033453
1567,240,CCTV,역삼동 741-25,37.496808,127.034735
1568,240,CCTV,역삼동 744 (역삼어린이집 앞),37.497463,127.035974
1569,240,CCTV,역삼동 747,37.49619000000001,127.03713799999998
1570,240,CCTV,역삼동 748,37.496407,127.036312
1571,240,CCTV,역삼동 751-10,37.495033,127.035733
1572,240,CCTV,역삼동 752,37.495684,127.034376
1573,240,CCTV,역삼동 794-22,37.492577,127.037047
1574,240,CCTV,역삼동 795-25 (강남구 제10호 공영주차장 앞),37.492411,127.039048
1575,240,CCTV,역삼동 824-11,37.496863,127.030191
1576,240,CCTV,역삼동 828-11,37.496429,127.033314
1577,240,CCTV,역삼동 830-23 (역삼무궁화공원 코너),37.494122,127.032396
1578,240,CCTV,역삼동 836 (한스빌A 앞),37.492083,127.032504
1579,240,CCTV,역삼동 836-43,37.49172100000001,127.033507
1580,240,CCTV,역삼동 837-26 (삼일프라자 오피스텔 앞),37.490598,127.03312
1581,240,CCTV,역삼동 714 (도성초 정문 앞),37.500047,127.049265
1582,240,CCTV,역삼동 725-13 (삼환베르사이유 담장),37.499322,127.039788
1583,240,CCTV,역삼동 728-10,37.498234,127.039816
1584,240,CCTV,역삼동 728-40,37.497475,127.040737
1585,240,CCTV,역삼동 724-31,37.499612,127.042197
1586,240,CCTV,역삼동 729-10,37.498511,127.041968
1587,240,CCTV,역삼동 754-1 (역삼푸르지오A 107동 앞),37.497097,127.046425
1588,240,CCTV,역삼동 767-20 (역삼중 담장),37.495971,127.04941200000002
1589,240,CCTV,역삼동 772 (주차빌딩 앞),37.499907,127.037393
1590,240,CCTV,역삼동 774,37.496467,127.04232
1591,240,CCTV,역삼동 774-20,37.496097,127.043521
1592,240,CCTV,역삼동 776-2 (총지사 앞),37.495213,127.040475
1593,240,CCTV,역삼동 777-23,37.495173,127.042507
1594,240,CCTV,역삼동 779-10 (청운교회 앞),37.495824,127.044886
1595,240,CCTV,역삼동 780-25,37.495265,127.045057
1596,240,CCTV,역삼동 782-18,37.494503,127.042762
1597,240,CCTV,역삼동 782-38,37.493705,127.04233899999998
1598,240,CCTV,역삼동 676 (르네상스호텔2 주변),37.503459,127.040628
1599,240,CCTV,역삼동 677-25 (르네상스호텔 주변),37.502274,127.040985
1600,240,CCTV,역삼동 619-24,37.501305,127.027613
1601,240,CCTV,역삼동 629,37.503157,127.032911
1602,240,CCTV,역삼동 673-6,37.504913,127.039367
1603,240,CCTV,역삼동 683-10,37.50908,127.043922
1604,240,CCTV,역삼동 683-43,37.507372,127.045123
1605,240,CCTV,역삼동 796-1,37.493964,127.038791
1606,240,CCTV,역삼동 831-3,37.494914,127.030224
1607,240,CCTV,역삼동 840-5,37.49136,127.035695
1608,240,CCTV,역삼동 644-18 (파리바게뜨 주변),37.501244,127.035144
1609,240,CCTV,역삼동 668-17 (GS타워북측 주변),37.50223,127.03643999999998
1610,240,CCTV,역삼동 678-35 (외환은행 역삼점지점 주변),37.501495,127.03838799999998
1611,240,CCTV,역삼동 737 (강남파이낸스센터 주변),37.500248,127.035839
1612,240,CCTV,역삼동 738-9 (최수사 주변),37.499239,127.037487
1613,240,CCTV,역삼동 653 (카페디아마폴라 주변),37.508179,127.037382
1614,240,CCTV,역삼동 654-4 (GS칼텍스 주변),37.507641,127.039211
1615,240,CCTV,역삼동 689-7 (태승빌딩 주변),37.505981,127.041381
1616,240,CCTV,역삼동 696-43 (비전빌딩 주변),37.505656,127.0483
1617,240,CCTV,역삼동 700-6 (VAN전시장 주변),37.504307,127.042208
1618,240,CCTV,역삼동 701-14 (상록플라자 주변),37.504149,127.043683
1619,240,CCTV,역삼동 824-19 (씨티은행 강남지점 주변),37.498544,127.030297
1620,240,CCTV,역삼동 824-29 (한일빌딩 주변),37.497351,127.031726
1621,240,CCTV,역삼동 827-68 (착한고기집곰씨네 주변),37.49573,127.032494
1622,240,CCTV,역삼동 829-15 (신성빌딩 주변),37.494193,127.03349
1623,240,CCTV,역삼동 717 (금융결제원본사 주변),37.50009,127.038885
1624,240,CCTV,역삼동 707-27 (I Tower 주변),37.503721,127.047255
1625,240,CCTV,역삼동 755-10 (푸르지오 주변),37.500339,127.050763
1626,240,CCTV,역삼동 705-10 (선릉역5번출구 주변),37.504356,127.047725
1627,240,CCTV,역삼동 820-9 (강남역11번출구 주변),37.499244,127.027274
1628,240,CCTV,역삼동 646-20 (역삼역4번출구 주변),37.500361,127.034692
1629,240,CCTV,역삼동 773-8 (유진약국 주변),37.496749,127.045334
1630,240,CCTV,역삼동 788 (역삼청소년수련관 주변),37.493449,127.04058700000002
1631,240,CCTV,역삼동 635 (국기원 담장),37.502231,127.029434
1632,240,CCTV,역삼동 633-6,37.502957,127.03108799999998
1633,240,CCTV,역삼동 669-18,37.502599,127.037653
1634,240,CCTV,역삼동 808-3,37.504102,127.025439
1635,240,CCTV,역삼동 738,37.498544,127.036243
1636,240,CCTV,역삼동 738-42,37.498544,127.036243
1637,240,CCTV,역삼동 798-33,37.492717,127.039799
1638,240,CCTV,역삼동 756-11,37.49837,127.05132
1639,240,CCTV,역삼동 608-35,37.504902,127.033147
1640,240,CCTV,역삼동 635-2 (역삼공원 코너),37.500996,127.030178
1641,240,CCTV,역삼동 639-9,37.502437,127.034246
1642,240,CCTV,역삼동 663-29,37.505645,127.039679
1643,240,CCTV,역삼동 666-1,37.505049,127.036372
1644,240,CCTV,역삼동 674-37,37.504957,127.040698
1645,240,CCTV,역삼동 685-3,37.507534,127.042162
1646,240,CCTV,역삼동 685-15,37.508307,127.042568
1647,240,CCTV,역삼동 695-14,37.506509,127.045717
1648,240,CCTV,역삼동 751-1,37.49462,127.034247
1649,240,CCTV,역삼동 792-25,37.49413,127.03633899999998
1650,240,CCTV,역삼동 799-15,37.492139,127.03827
1651,240,CCTV,역삼동 826-37,37.495207,127.030926
1652,240,CCTV,역삼동 834-68,37.492841,127.035025
1653,240,CCTV,역삼동 836-21 (역삼소나무공원 담장),37.490853,127.033925
1654,240,CCTV,역삼동 723-26,37.499826,127.041758
1655,240,CCTV,역삼동 757 (래미안상가),37.497298,127.051349
1656,240,CCTV,역삼동 776-28,37.493744,127.041162
1657,240,CCTV,역삼동 784-11,37.494637,127.045417
1658,240,CCTV,역삼동 826-14 (KTB네트워크빌딩 주변),37.494806,127.029424
1659,240,CCTV,역삼동 710 (현대까르띠에아파트 주변),37.501594,127.044351
1660,240,CCTV,역삼동 835-67 (어울림아파트 주변),37.491493,127.034729
1661,240,CCTV,역삼동 607-16,37.504477,127.034263
1662,240,CCTV,역삼동 613-17,37.504766,127.031001
1663,240,CCTV,역삼동 627-3,37.503987,127.033464
1664,240,CCTV,역삼동 672-12,37.504732,127.038748
1665,240,CCTV,역삼동 691-9,37.505434,127.042996
1666,240,CCTV,역삼동 694-25,37.506898,127.046381
1667,240,CCTV,역삼동 697-23,37.506579,127.044997
1668,240,CCTV,역삼동 792-53,37.49456,127.037584
1669,240,CCTV,역삼동 813-12,37.50219,127.027079
1670,240,CCTV,역삼동 722-10,37.501026,127.042382
1671,240,CCTV,역삼동 769-8,37.495747,127.04074
1672,240,CCTV,역삼동 716 (센트레빌아파트 주변),37.502841,127.049645
1673,240,CCTV,역삼동 663-3,37.505817,127.038394
1674,240,CCTV,역삼동 621-27,37.501687,127.028793
1675,240,CCTV,역삼동 687-10 (역삼지구대 앞),37.508525,127.041066
1676,240,CCTV,역삼동 615,37.504257,127.026852
1677,240,CCTV,역삼동 750-8,37.496115,127.035315
1678,240,CCTV,역삼동 827-53,37.496728,127.031197
1679,240,CCTV,역삼동 725-67,37.498071,127.039246
1680,240,CCTV,역삼동 757-1 (길섶공원 코너),37.497713,127.048589
1681,240,CCTV,역삼동 729-25,37.497902,127.041644
1682,240,CCTV,역삼동 659-12,37.505597,127.035605
1683,240,CCTV,역삼동 791-15,37.494488,127.038874
1684,240,CCTV,역삼동 698-32,37.505733,127.044268
1685,240,CCTV,역삼동 669-10 (충현복지관 앞),37.503854,127.037076
1686,240,CCTV,역삼동 704-37,37.505299,127.045662
1687,240,CCTV,역삼동 773-3,37.49753,127.044485
1688,240,CCTV,역삼동 635-5,37.500773,127.02892
1689,240,CCTV,역삼동 616-8,37.503985,127.02815
1690,240,CCTV,역삼동 658-8,37.50713,127.036377
1691,240,CCTV,역삼동 752-11,37.495254,127.034673
1692,240,CCTV,역삼동 657-27 (참사랑어린이집 앞),37.505911,127.036724
1693,240,CCTV,역삼동 820-9 (강남역),37.499229,127.027283
1694,240,CCTV,역삼동 820-9 (강남역),37.499234,127.027279
1695,240,CCTV,역삼동 783-19 (역삼가애어린이집 앞),37.494679,127.044843
1696,240,CCTV,역삼동 665-1,37.505647,127.037911
1697,240,CCTV,역삼동 812,37.50297,127.026737
1698,240,CCTV,역삼동 824-10,37.49737800000001,127.03069
1699,240,CCTV,역삼동 835-68,37.491804,127.03635
1700,240,CCTV,역삼동 805-16,37.501968,127.04695
1701,240,CCTV,역삼동 824-10 (역삼까치공원 코너),37.497091,127.030939
1702,240,CCTV,역삼동 789-29,37.494001,127.035684
1703,240,CCTV,역삼동 787-8,37.493964,127.043421
1704,240,CCTV,역삼동 763-18 (다솜공원 입구),37.495577,127.047927
1705,240,CCTV,역삼동 755-4 (역삼e-편한세상A 주변),37.498556,127.05078600000002
1706,240,CCTV,역삼동 670-11,37.503467,127.038038
1707,240,CCTV,역삼동 680-1 (라움 주변),37.508355,127.040328
1708,240,CCTV,역삼동 794-4,37.493575,127.037513
1709,240,CCTV,역삼동 698-3,37.50654,127.043766
1710,240,CCTV,역삼동 693-6,37.507203,127.044003
1711,240,CCTV,역삼동 753-5,37.495158,127.033732
1712,240,CCTV,역삼동 778-20,37.495556,127.043779
1713,240,CCTV,역삼동 653-3 (자미온 주변),37.508425,127.038432
1714,240,CCTV,역삼동 751-14 (Why.J.빌딩 주변),37.494654,127.035076
1715,240,CCTV,역삼동 834-53,37.493962,127.03491499999998
1716,240,CCTV,역삼동 796-30,37.493211,127.039474
1717,240,CCTV,역삼동 837-13,37.491811,127.031696
1718,240,CCTV,역삼동 836-26,37.492279,127.03325
1719,240,CCTV,역삼동 796-29 (서해더블루 주차장입구),37.493114,127.038799
1720,240,CCTV,역삼동 778,37.495831,127.042637
1721,240,CCTV,역삼동 765-15,37.496175,127.051116
1722,240,CCTV,역삼동 791-12 (辛갈비사랑 앞),37.494213,127.03797
1723,240,CCTV,역삼동 636-25,37.500895,127.0312
1724,240,CCTV,역삼동 644-6,37.501578,127.034317
1725,240,CCTV,역삼동 650-5 (주차장 우측),37.506821,127.035309
1726,240,CCTV,역삼동 674-10,37.504123,127.040201
1727,240,CCTV,역삼동 686-17,37.508119,127.041789
1728,240,CCTV,역삼동 744-4 (중원빌라 부근),37.496565,127.03562
1729,240,CCTV,역삼동 794-28,37.491875,127.037358
1730,240,CCTV,역삼동 716-2 (SK뷰 상가앞 사거리),37.50037,127.050136
1731,240,CCTV,역삼동 728-45 (현대이스트빌),37.498651,127.041203
1732,240,CCTV,역삼동 760-7 (현대트라움 A),37.49645200000001,127.047578
1733,240,CCTV,역삼동 761-26,37.49586400000001,127.047138
1734,240,CCTV,역삼동 832-40 (역삼초 담장),37.493006,127.032084
1735,240,CCTV,역삼동 815 (강남CGV 앞 대로변),37.501151,127.026313
1736,240,CCTV,역삼동 835-68,37.492987,127.03568500000002
1737,240,CCTV,역삼동 786-10,37.494092,127.044244
1738,240,CCTV,역삼동 826-37 (쌍용플래티넘밸류 주변),37.495215,127.030885
1739,240,CCTV,역삼동 665-1,37.504611,127.038297
1740,240,CCTV,역삼동 793-1 (롯데캐슬노블아파트 정문 주변),37.493051,127.035839
1741,240,CCTV,역삼동 783-21 (강남세브란스병원 교수연구동 주변),37.494442,127.044704
1742,240,CCTV,역삼동 811,37.503784,127.026429
1743,240,CCTV,역삼동 640-19,37.502572,127.034699
1744,240,CCTV,역삼동 795-15,37.492863,127.037976
1745,240,CCTV,역삼동 661-28,37.50660900000001,127.039247
1746,240,CCTV,역삼동 746-4,37.497123,127.037599
1747,240,CCTV,역삼동 633-16,37.501976,127.031567
1748,240,CCTV,역삼동 625-15,37.503729,127.031644
1749,240,CCTV,역삼동 635-13,37.499808,127.029481
1750,240,CCTV,역삼동 641,37.503291,127.034897
1751,240,CCTV,역삼동 827-24,37.495487,127.031712
1752,240,CCTV,역삼동 831-12,37.493426,127.030879
1753,240,CCTV,역삼동 710,37.502181,127.04482
1754,240,CCTV,역삼동 713,37.502809,127.049402
1755,240,CCTV,역삼동 781-5,37.512131,127.037561
1756,240,CCTV,역삼동 771-14,37.496869,127.042934
1757,240,CCTV,역삼동 728-45 (현대이스트빌),37.498526,127.040803
1758,240,CCTV,역삼동 770-18,37.496035,127.041276
1759,240,CCTV,역삼동 645-3,37.501886,127.033707
1760,240,CCTV,역삼동 606-12,37.505993,127.033875
1761,240,CCTV,역삼동 827-3,37.496719,127.03072
1762,240,CCTV,역삼동 749-19,37.49599,127.035626
1763,240,CCTV,역삼동 693,37.507796,127.043112
1764,240,CCTV,역삼동 638,37.502661,127.033147
1765,240,CCTV,역삼동 631-13,37.502179,127.032579
1766,240,CCTV,역삼동 637-14,37.501244,127.032401
1767,240,CCTV,역삼동 830-13,37.494763,127.032158
1768,240,CCTV,역삼동 666-2,37.504705,127.036639
1769,240,CCTV,역삼동 725-32,37.499626,127.040758
1770,240,CCTV,역삼동 724-2,37.499269,127.041427
1771,240,CCTV,역삼동 770-2,37.496052,127.040597
1772,240,CCTV,역삼동 781-33,37.494424,127.04213
1773,240,CCTV,역삼동 780-3,37.495398,127.043407
1774,240,CCTV,역삼동 795-25 (강남구 제10호 공영주차장 주변),37.492443,127.039033
1775,240,CCTV,역삼동 707-12 (테헤란아이파크A상가 주변),37.502181,127.04482
1776,240,CCTV,역삼동 819(영풍문고 앞),37.49922,127.02781
1777,240,CCTV,역삼동 683-33,37.50757,127.045324
1778,240,CCTV,역삼동 699-23,37.505275,127.043761
1779,240,CCTV,역삼동 760-10 (미림그린빌라 앞),37.496385,127.046844
1780,240,CCTV,역삼동 626-17,37.503788,127.03261
1781,240,CCTV,역삼동 660-20,37.50539000000001,127.037096
1782,240,CCTV,역삼동 721-28,37.499869,127.042979
1783,240,CCTV,역삼동 725-25,37.500484,127.040338
1784,240,CCTV,역삼동 702-1(역삼지하보도 내),37.50251,127.042772
1785,240,CCTV,역삼동 783-16,37.494971,127.044339
1786,240,CCTV,역삼동 792-38,37.493998,127.03699
1787,240,CCTV,역삼동 795-26 (역삼마을마당),37.492384,127.038624
1788,240,CCTV,역삼동 707-42 (한신인터밸리24빌딩 주변),37.503007,127.047533
1789,240,CCTV,역삼동 832-7,37.491684,127.03086299999998
1790,240,CCTV,역삼동 755 (이마트 역삼지점 주변),37.499448,127.047839
1791,240,CCTV,역삼동 649-10 (서림빌딩 주변),37.499148,127.029728
1792,240,CCTV,역삼동 719-9,37.501015,127.040258
1793,240,CCTV,역삼동 619-23,37.501641,127.027291
1794,240,CCTV,역삼동 661-8,37.506303,127.038241
1795,240,CCTV,역삼동 683-19,37.508272,127.04426200000002
1796,240,CCTV,역삼동 809-12,37.50284,127.026111
1797,240,CCTV,역삼동 766-18,37.495777,127.050062
1798,240,CCTV,역삼동 644-17,37.500915,127.034548
1799,240,CCTV,역삼동 635-1,37.500066,127.030474
1800,240,CCTV,역삼동 613-22,37.505412,127.030715
1801,240,CCTV,역삼동 776-25,37.494584,127.040761
1802,240,CCTV,역삼동 775-29,37.495559,127.041465
1803,240,CCTV,역삼동 635-1,37.501634,127.029524
1804,240,CCTV,역삼동 647,37.500549,127.032305
1805,240,CCTV,역삼동 756-19,37.497678,127.051659
1806,240,CCTV,역삼동 791-23,37.494107,127.039046
1807,240,CCTV,역삼동 645-29,37.50095200000001,127.034029
1808,240,CCTV,역삼동 697-7,37.505768,127.046191
1809,240,CCTV,역삼동 700-13,37.504978,127.042522
1810,240,CCTV,역삼동 652-5,37.508216,127.037184
1811,240,CCTV,역삼동 735-18,37.497878,127.033595
